Timestamp,Email Address,LAST NAME,FIRST NAME,GRADE ENTERING NEXT YEAR,CURRENT ADVISOR,WOULD YOU LIKE TO HAVE THE SAME ADVISOR NEXT YEAR?,Please rank your advisor preference: [First choice],Please rank your advisor preference: [Second choice],Please rank your advisor preference: [Third choice],Please rank your advisor preference: [Fourth choice],Would you consider having a new teacher as an advisor?,
5/31/2018 8:19:35,bockelboy@icloud.com,Bowen,Pepper,12th Grade,Mrs Manrique ,Yes,Ms. Manrique/Latin American Culture Advisory,Mr. Abel,Ms. Mead/ Snack attack!,Ms. Wheeler,NO,
5/31/2018 8:20:34,hyper@optonline.net,Lee,Zoe,12th Grade,Mr. Mckay,Yes,Mr. McKay,Ms. Manrique/Latin American Culture Advisory,Mr. Abel,Ms. Monfort,YES,
5/31/2018 8:23:27,jfriedl@att.net,Nicholson,Jack,12th Grade,Ms. Singh,No,Mr. Abel,Mrs. Abel,Mr. Bihl,Ms. Agostinelli,YES,
5/31/2018 8:24:51,ganter@att.net,Fuentes,Ace,10th Grade,Mr. Tallman,Yes,Mr. Tallman/Word Games Advisory,Ms. Young/Theatre Advisory,Ms. Manrique/Latin American Culture Advisory,Ms. Mead/ Snack attack!,YES,
5/31/2018 8:37:20,kaiser@me.com,Winters,Sassy,12th Grade,Ms. Raftery ,Yes,Ms. Raftery,Ms. Manrique/Latin American Culture Advisory,Dr. Sampou/Recycling the Right Way,Ms. Mead/ Snack attack!,YES,
5/31/2018 8:37:21,grady@me.com,Sutton,Ellie,12th Grade,Ms Abel ,Yes,Mrs. Abel,Mr. McKay,Mr. Crowell,Mr. Abel,NO,
5/31/2018 9:10:04,hager@live.com,Werner,Penny,11th Grade,Mrs.Abel,Yes,Mrs. Abel,Mr. Crowell,Mr. Abel,Mr. Bundy,NO,
5/31/2018 9:12:46,timlinux@hotmail.com,Allen,Hazel,12th Grade,Ms.young,No,Ms. Strong/ROVers Advisory,Ms. Young/Theatre Advisory,Ms. Newcombe,Ms. Mead/ Snack attack!,NO,
5/31/2018 9:17:03,gmcgath@aol.com,Marks,Lacey,12th Grade,Ms.O'Keefe,No,Dr. Sampou/Recycling the Right Way,Mr. McKay,Ms. Mead/ Snack attack!,Mr. Crowell,NO,
5/31/2018 9:24:20,bsikdar@live.com,Dunlap,Lexi,12th Grade,Newcombe,Yes,Ms. Newcombe,Mr. McKay,Ms. Raftery,Ms. Monfort,NO,
5/31/2018 9:25:57,larry@icloud.com,Li,Bonnie,10th Grade,Stacey Strong,No,Ms. Milne/Ms. Prantis/Origami Advisory,Ms. Mead/ Snack attack!,Ms. Newcombe,Mr. Crowell,YES,
5/31/2018 9:34:04,kourai@yahoo.com,Schwartz,Rufus,12th Grade,Raftery,Yes,Ms. Raftery,Dr. Sampou/Recycling the Right Way,Ms. Monfort,Mr. Crowell,NO,
5/31/2018 9:37:37,neonatus@optonline.net,Chavez,Samson,10th Grade,Mr. Mckay,Yes,Mr. McKay,Ms. Pohlman,Mr. Abel,Mrs. Abel,NO,
5/31/2018 9:38:20,dkeeler@icloud.com,Henry,Dexter,12th Grade,mr mckay,Yes,Mr. McKay,Mr. Abel,Ms. Mead/ Snack attack!,Mrs. Abel,NO,
5/31/2018 9:38:48,amaranth@msn.com,Jenkins,Ollie,11th Grade,Bihl,No,Ms. Mead/ Snack attack!,Ms. Newcombe,Ms. Monfort,Ms. Lambdin,NO,
5/31/2018 9:44:59,eimear@msn.com,Peters,Zoey,10th Grade,Dr. Pete ,No,Ms. Mead/ Snack attack!,Ms. Newcombe,Mr. Bundy,Mrs. Abel,YES,
5/31/2018 9:39:08,osaru@yahoo.com,Newman,Nala,11th Grade,Bihl,Yes,Mr. Bihl,Ms. Young/Theatre Advisory,Ms. Sheeler/Music & the Arts Alive Advisory,Ms. Monfort,YES,
5/31/2018 9:39:15,errxn@mac.com,Preston,Hunter,10th Grade,Ms. Young,Yes,Mr. Abel,Ms. Young/Theatre Advisory,Ms. Newcombe,Ms. Mead/ Snack attack!,YES,
5/31/2018 9:50:15,crusader@optonline.net,Hopkins,Henry,12th Grade,Newcombe,No,Dr. Sampou/Recycling the Right Way,Ms. Newcombe,Mr. Abel,Mr. Bundy,NO,
5/31/2018 9:39:26,vganesh@yahoo.com,Schmitt,Jake,12th Grade,Krumvieda ,No,Mr. Bundy,Mme Blanc,Mr. Abel,Ms. Raftery,YES,
5/31/2018 9:39:41,mstrout@live.com,Villanueva,Sadie,10th Grade,Ms. Young,Yes,Ms. Young/Theatre Advisory,Ms. Mead/ Snack attack!,Ms. Newcombe,Mr. Abel,YES,
5/31/2018 9:39:41,tromey@icloud.com,Hicks,Chewy,12th Grade,Lambdin,Yes,Ms. Lambdin,Mr. Abel,Mrs. Abel,Ms. Sandland,NO,
5/31/2018 9:44:37,storerm@me.com,Kirk,Dodger,10th Grade,Ms. Newcombe ,Yes,Ms. Newcombe,Ms. Young/Theatre Advisory,Ms. Sheeler/Music & the Arts Alive Advisory,Mr. Bundy,NO,
5/31/2018 9:39:56,singer@yahoo.com,Porter,Oscar,12th Grade,Ms. Lambdin,Yes,Ms. Lambdin,Mr. McKay,Ms. Mead/ Snack attack!,Ms. Newcombe,NO,
5/31/2018 9:40:07,campware@att.net,Buckley,Chase,11th Grade,sheeler ,Yes,Ms. Sheeler/Music & the Arts Alive Advisory,Mr. Wojtowicz,Dr. Wright,Mr. Bundy,NO,
5/31/2018 9:40:17,rddesign@hotmail.com,Maddox,Harry,11th Grade,Ms. Sheeler,Yes,Ms. Sheeler/Music & the Arts Alive Advisory,Mr. Wojtowicz,Dr. Wright,Mr. Abel,NO,1
5/31/2018 9:40:18,geekoid@mac.com,Lowe,Copper,11th Grade,Sheeler ,Yes,Ms. Sheeler/Music & the Arts Alive Advisory,Mr. Wojtowicz,Dr. Wright,Mrs. Abel,NO,1
5/31/2018 9:40:24,frederic@hotmail.com,Mays,Duke,12th Grade,Young ,Yes,Ms. Young/Theatre Advisory,Mr. Crowell,Ms. Newcombe,Mr. McKay,NO,
5/31/2018 9:40:26,crowemojo@outlook.com,Carson,Trixie,11th Grade,Lambdin,Yes,Ms. Mead/ Snack attack!,Ms. Newcombe,Ms. Lambdin,Mme. O'Keefe,YES,
5/31/2018 9:40:32,nelson@mac.com,Kennedy,Cisco,12th Grade,Mckay ,Yes,Mr. McKay,Ms. Newcombe,Mrs. Abel,Mr. Crowell,NO,
5/31/2018 9:40:37,themer@yahoo.com,Rivera,Apollo,12th Grade,Mrs Newcombe ,Yes,Mr. McKay,Ms. Newcombe,Mr. Crowell,Mme Blanc,NO,
5/31/2018 9:40:45,mdielmann@verizon.net,Rosario,Cooper,11th Grade,Mrs. Singh,No,Mr. Abel,Mrs. Abel,Ms. Raftery,Ms. Lambdin,NO,
5/31/2018 9:40:46,lipeng@sbcglobal.net,Love,Millie,12th Grade,Mr. Hyer,No,Dr. Wright,Mr. McKay,Mrs. Abel,Ms. Mead/ Snack attack!,NO,
5/31/2018 9:40:47,crowl@optonline.net,Copeland,Panda,11th Grade,Ms. Sheeler,Yes,Mr. Abel,Mrs. Abel,Mr. Bundy,Mr. Crowell,NO,
5/31/2018 9:40:48,kohlis@hotmail.com,Lawrence,Layla,10th Grade,Mrs. Polhman ,No,Ms. Newcombe,Mme. O'Keefe,Ms. Pohlman,Ms. Yalden/Healthy Living Advisory,YES,
5/31/2018 9:40:58,eurohack@gmail.com,Reynolds,Sophie,12th Grade,Mrs. Young ,Yes,Ms. Young/Theatre Advisory,Mrs. Abel,Mr. Abel,Mr. Crowell,NO,
5/31/2018 9:41:04,ribet@optonline.net,Hunter,Peanut,11th Grade,Mrs Singh,Yes,Ms. Monfort,Ms. Mead/ Snack attack!,Ms. Wheeler,Dr. Wright,YES,
5/31/2018 9:41:05,smeier@me.com,Lang,Sasha,11th Grade,Mrs. Young,Yes,Ms. Young/Theatre Advisory,Ms. Milne/Ms. Prantis/Origami Advisory,Dr. Sampou/Recycling the Right Way,Ms. Strong/ROVers Advisory,YES,
5/31/2018 9:41:05,ramollin@outlook.com,Melton,Guinness,10th Grade,MRS. SHEELER,Yes,Ms. Sheeler/Music & the Arts Alive Advisory,Ms. Mead/ Snack attack!,Mr. Wojtowicz,Mr. Abel,NO,
5/31/2018 9:41:13,luvirini@verizon.net,Burch,Heidi,11th Grade,Mrs.Aign,Yes,Ms. Mead/ Snack attack!,Ms. Monfort,Ms. Newcombe,Ms. Raftery,YES,
5/31/2018 9:41:17,purvis@me.com,Ochoa,Milo,11th Grade,Ms. Newcombe ,Yes,Ms. Newcombe,Mr. McKay,Mr. Abel,Mrs. Abel,NO,
5/31/2018 9:41:18,conteb@sbcglobal.net,Tate,Baby,10th Grade,Sheeler,Yes,Ms. Sheeler/Music & the Arts Alive Advisory,Mr. Wojtowicz,Dr. Wright,Mr. Abel,NO,1
5/31/2018 9:41:22,petersen@hotmail.com,Hickman,Macy,12th Grade,Raftery ,Yes,Ms. Raftery,Mr. McKay,Ms. Mead/ Snack attack!,Mrs. Abel,NO,
5/31/2018 9:41:24,fviegas@hotmail.com,Huff,Scooter,10th Grade,Sheeler,Yes,Ms. Sheeler/Music & the Arts Alive Advisory,Mr. Crowell,Ms. Mead/ Snack attack!,Mrs. Abel,NO,
5/31/2018 9:41:24,aegreene@comcast.net,Hamilton,Alex,10th Grade,Mrs Young,Yes,Ms. Mead/ Snack attack!,Ms. Young/Theatre Advisory,Ms. Yalden/Healthy Living Advisory,Ms. Wheeler,YES,
5/31/2018 9:41:26,wetter@verizon.net,Pena,Riley,12th Grade,Mrs. Strong,Yes,Ms. Strong/ROVers Advisory,Ms. Sandland,Ms. Sheeler/Music & the Arts Alive Advisory,Dr. Sampou/Recycling the Right Way,NO,
5/31/2018 9:41:40,kronvold@att.net,Briggs,Oakley,11th Grade,Mrs. Lambdin,No,Mr. McKay,Ms. Monfort,Mr. Wojtowicz,Ms. Mead/ Snack attack!,NO,
5/31/2018 9:41:42,ahmad@hotmail.com,Silva,Rudy,10th Grade,Ms.singh,No,Ms. Mead/ Snack attack!,Mr. McKay,Mr. Bundy,Ms. Young/Theatre Advisory,YES,1
5/31/2018 9:41:44,william@optonline.net,Barry,Minnie,12th Grade,Ms. Agostinelli,No,Ms. Sheeler/Music & the Arts Alive Advisory,Mr. McKay,Mr. Abel,Ms. Young/Theatre Advisory,NO,12
5/31/2018 9:41:48,niknejad@outlook.com,Martin,Angel,12th Grade,Mrs. Young,No,Mr. Fetzer,Mr. Bundy,Ms. Sheeler/Music & the Arts Alive Advisory,Ms. Young/Theatre Advisory,YES,
5/31/2018 9:41:51,cparis@mac.com,Saunders,Ginger,12th Grade,Singh,No,Ms. Monfort,Ms. Lambdin,Mrs. Abel,Dr. Sampou/Recycling the Right Way,NO,
5/31/2018 9:42:00,kempsonc@yahoo.ca,Richards,Bentley,11th Grade,Milne,No,Mr. McKay,Ms. Mead/ Snack attack!,Ms. Monfort,Mrs. Abel,YES,1
5/31/2018 9:42:07,barnett@me.com,Mcdonald,Cocoa,12th Grade,crowell,Yes,Mr. Crowell,Dr. Sampou/Recycling the Right Way,Mrs. Abel,Mr. Bihl,NO,
5/31/2018 9:42:10,dhrakar@icloud.com,Waller,Gizmo,11th Grade,Ms.Newcombe,Yes,Ms. Newcombe,Mr. McKay,Ms. Lambdin,Mr. Abel,NO,
5/31/2018 12:07:00,srour@yahoo.ca,Simpson,Leo,10th Grade,Mrs. Strong ,No,Mr. Crowell,Ms. Mead/ Snack attack!,Ms. Pohlman,Mr. Bundy,NO,
5/31/2018 9:42:14,crowemojo@hotmail.com,Moody,Rocky,11th Grade,Ms. Newcombe,Yes,Ms. Newcombe,Mr. McKay,Ms. Sheeler/Music & the Arts Alive Advisory,Mr. Crowell,NO,
5/31/2018 9:42:15,ntegrity@icloud.com,Clayton,Murphy,11th Grade,Lambdin,Yes,Ms. Mead/ Snack attack!,Ms. Newcombe,Ms. Lambdin,Mme. O'Keefe,NO,
5/31/2018 9:42:16,ylchang@me.com,Pearson,Zeus,11th Grade,Ms.Newcombe,Yes,Ms. Newcombe,Ms. Lambdin,Mr. Bundy,Dr. Wright,NO,
5/31/2018 9:42:18,juliano@mac.com,Owen,Otis,11th Grade,Sheeler,Yes,Ms. Sheeler/Music & the Arts Alive Advisory,Mr. McKay,Ms. Mead/ Snack attack!,Ms. Newcombe,YES,
5/31/2018 9:42:20,amimojo@yahoo.com,Knox,Yoda,10th Grade,Mrs. Yalden,Yes,Ms. Yalden/Healthy Living Advisory,Ms. Mead/ Snack attack!,Ms. Wheeler,Ms. Young/Theatre Advisory,NO,
5/31/2018 9:42:21,dpitts@optonline.net,Ayers,Gracie,12th Grade,Raftery,Yes,Ms. Raftery,Dr. Sampou/Recycling the Right Way,Mrs. Abel,Ms. Newcombe,NO,
5/31/2018 9:42:22,rtanter@yahoo.ca,Marshall,Buster,12th Grade,Newcombe,Yes,Ms. Newcombe,Ms. Sandland,Ms. Sheeler/Music & the Arts Alive Advisory,Mrs. Abel,NO,
5/31/2018 9:42:24,curly@comcast.net,Foster,Roscoe,11th Grade,Bihl,Yes,Mr. Bihl,Ms. Monfort,Ms. Sheeler/Music & the Arts Alive Advisory,Dr. Wright,YES,
5/31/2018 9:42:28,matthijs@att.net,Carroll,Champ,11th Grade,Mr. Abel,Yes,Mr. Abel,Ms. Sandland,Ms. Mead/ Snack attack!,Mr. McKay,NO,69
5/31/2018 9:42:29,cumarana@icloud.com,Castaneda,Luna,10th Grade,Ms Newcombe,No,Ms. Young/Theatre Advisory,Ms. Pohlman,Mr. Bundy,Ms. Milne/Ms. Prantis/Origami Advisory,YES,
5/31/2018 9:42:30,evilopie@gmail.com,Morrison,Daisy,10th Grade,Milne,No,Ms. Yalden/Healthy Living Advisory,Ms. Newcombe,Ms. Wheeler,Ms. Mead/ Snack attack!,YES,
5/31/2018 9:42:31,mgreen@aol.com,Clay,Princess,10th Grade,Ms. Sheeler,No,Ms. Mead/ Snack attack!,Mr. Abel,Mr. Crowell,Ms. Sheeler/Music & the Arts Alive Advisory,YES,
5/31/2018 9:42:47,gknauss@me.com,Skinner,Winston,12th Grade,C. Abel,Yes,Mr. Abel,Ms. Manrique/Latin American Culture Advisory,Ms. Mead/ Snack attack!,Mr. McKay,NO,
5/31/2018 9:42:49,wayward@verizon.net,Huang,Foster,12th Grade,Mrs Abel,Yes,Mrs. Abel,Mr. Crowell,Mr. McKay,Ms. Sandland,NO,
5/31/2018 9:42:52,burniske@aol.com,Hatfield,Bruiser,10th Grade,Mrs. Milne,No,Ms. Pohlman,Ms. Yalden/Healthy Living Advisory,Dr. Wright,Ms. Wheeler,NO,
5/31/2018 9:42:53,rtanter@sbcglobal.net,Ramsey,Maximus,12th Grade,Crowell,Yes,Mr. Crowell,Mr. Abel,Mrs. Abel,Ms. Newcombe,NO,
5/31/2018 9:42:54,sethbrown@att.net,Branch,Shadow,10th Grade,Mrs. Agostonelli,No,Ms. Pohlman,Ms. Milne/Ms. Prantis/Origami Advisory,Ms. Manrique/Latin American Culture Advisory,Mr. Abel,YES,
5/31/2018 9:42:56,leocharre@yahoo.ca,Weaver,Missy,12th Grade,Joel Tallman ,No,Ms. Mead/ Snack attack!,Mr. Tallman/Word Games Advisory,Mr. Abel,Mrs. Abel,NO,
5/31/2018 9:42:57,raides@icloud.com,Burnett,Piper,10th Grade,Mrs. Pohlman,No,Ms. Young/Theatre Advisory,Ms. Mead/ Snack attack!,Ms. Milne/Ms. Prantis/Origami Advisory,Mr. Bundy,YES,
5/31/2018 9:43:01,smartfart@gmail.com,James,Chico,11th Grade,Okeefe ,No,Mr. Abel,Ms. Sandland,Ms. Mead/ Snack attack!,Mr. McKay,NO,
5/31/2018 9:43:02,imightb@mac.com,Mason,Delilah,12th Grade,Dr. Pete,No,Ms. Manrique/Latin American Culture Advisory,Mr. McKay,Ms. Mead/ Snack attack!,Dr. Sampou/Recycling the Right Way,NO,
5/31/2018 9:44:28,kevinm@live.com,Obrien,Chloe,11th Grade,Mr.mcdonald,No,Mrs. Abel,Ms. Sandland,Ms. Mead/ Snack attack!,Mr. McKay,NO,69
5/31/2018 9:43:15,wainwrig@hotmail.com,Ewing,Honey,10th Grade,Mr Hyer,No,Ms. Mead/ Snack attack!,Ms. Monfort,Ms. Raftery,Mr. McKay,NO,
5/31/2018 9:43:19,kawasaki@aol.com,Oneal,Josie,10th Grade,Milne,No,Ms. Wheeler,Ms. Pohlman,Ms. Mead/ Snack attack!,Mr. McKay,YES,
5/31/2018 9:43:37,janusfury@hotmail.com,Ali,Louie,10th Grade,Dr. Wright,No,Ms. Sheeler/Music & the Arts Alive Advisory,Ms. Mead/ Snack attack!,Ms. Strong/ROVers Advisory,Mr. Crowell,YES,
5/31/2018 9:43:24,jlbaumga@msn.com,House,Roxie,11th Grade,Bhile,No,Dr. Sampou/Recycling the Right Way,Mme. O'Keefe,Ms. Sandland,Ms. Yalden/Healthy Living Advisory,YES,
5/31/2018 9:43:26,shrapnull@yahoo.ca,Garcia,Kona,12th Grade,Mr. hyer,Yes,Dr. Wright,Dr. Sampou/Recycling the Right Way,Mme Blanc,Mr. McKay,NO,
5/31/2018 9:43:28,cmdrgravy@verizon.net,Moyer,Sally,12th Grade,O'Keefe,No,Mrs. Abel,Mr. Crowell,Ms. Lambdin,Ms. Milne/Ms. Prantis/Origami Advisory,NO,
5/31/2018 9:43:30,tskirvin@mac.com,Mcdaniel,Miley,11th Grade,Ms. Raftery ,Yes,Ms. Raftery,Ms. Mead/ Snack attack!,Ms. Lambdin,Ms. Yalden/Healthy Living Advisory,NO,
5/31/2018 9:43:30,dhwon@mac.com,Mora,Toby,10th Grade,Mrs Milne ,No,Ms. Mead/ Snack attack!,Ms. Young/Theatre Advisory,Mr. Abel,Ms. Newcombe,YES,
5/31/2018 9:43:36,amcuri@me.com,Cooper,Samantha,11th Grade,Ms. Yalden,No,Ms. Manrique/Latin American Culture Advisory,Ms. Mead/ Snack attack!,Ms. Monfort,Ms. Raftery,YES,
5/31/2018 9:43:36,danny@icloud.com,Ferrell,Athena,12th Grade,Raftery ,Yes,Ms. Raftery,Mr. McKay,Ms. Mead/ Snack attack!,Mr. Crowell,NO,
5/31/2018 9:43:40,stern@sbcglobal.net,Wilkins,Bella,11th Grade,Mrs Singh,Yes,Mr. McKay,Ms. Monfort,Ms. Lambdin,Mrs. Abel,YES,
5/31/2018 9:43:52,liedra@icloud.com,Randolph,Mickey,10th Grade,Mr. Hyer,No,Ms. Monfort,Ms. Raftery,Ms. Pohlman,Mrs. Abel,NO,
5/31/2018 9:43:54,pspoole@comcast.net,Holden,Blue,12th Grade,Ms. Wheeler,Yes,Ms. Wheeler,Ms. Mead/ Snack attack!,Ms. Monfort,Ms. Manrique/Latin American Culture Advisory,NO,
5/31/2018 9:43:56,wojciech@live.com,Lamb,Monkey,12th Grade,Ms. Williams,Yes,Mr. Fetzer,Mr. Abel,Ms. Farooqi,Mr. Bihl,YES,
5/31/2018 9:58:56,alhajj@att.net,Taylor,Loki,10th Grade,Mrs. Pohlman,Yes,Ms. Pohlman,Ms. Mead/ Snack attack!,Ms. Wheeler,Mr. Bihl,NO,
5/31/2018 9:44:04,north@icloud.com,Lewis,Beau,12th Grade,Ms. Sheeler,No,Ms. Sandland,Ms. Sheeler/Music & the Arts Alive Advisory,Mr. Abel,Ms. Strong/ROVers Advisory,NO,
5/31/2018 9:44:09,djpig@icloud.com,Banks,Hank,10th Grade,Mr. Bihl,No,Ms. Mead/ Snack attack!,Ms. Sheeler/Music & the Arts Alive Advisory,Mr. Crowell,Mr. Bundy,YES,
5/31/2018 9:44:10,thurston@me.com,Kaiser,Bruno,11th Grade,Bundy,No,Ms. Sheeler/Music & the Arts Alive Advisory,Mr. Wojtowicz,Dr. Wright,Mrs. Abel,YES,
5/31/2018 9:44:13,seebs@mac.com,Phillips,Lucky,11th Grade,Bundy ,Yes,Mr. Bihl,Mr. Bundy,Ms. Monfort,Dr. Wright,YES,
5/31/2018 9:44:18,kludge@yahoo.ca,Figueroa,Emma,12th Grade,Pohlman,No,Ms. Mead/ Snack attack!,Mr. McKay,Ms. Manrique/Latin American Culture Advisory,Mr. Abel,NO,
5/31/2018 9:44:19,jonas@att.net,Cherry,Bear,12th Grade,Mead,No,Ms. Manrique/Latin American Culture Advisory,Mr. McKay,Ms. Mead/ Snack attack!,Ms. Newcombe,NO,
5/31/2018 9:44:20,demmel@optonline.net,Foley,Porter,12th Grade,Hyer ,No,Mr. Crowell,Mr. McKay,Mr. Abel,Ms. Mead/ Snack attack!,NO,
5/31/2018 9:44:20,jacks@live.com,Sandoval,Brandy,11th Grade,Crowl,No,Mr. Abel,Ms. Sandland,Ms. Mead/ Snack attack!,Mr. McKay,NO,420
5/31/2018 9:44:21,osaru@outlook.com,Douglas,Raven,11th Grade,Ms Mead,Yes,Ms. Mead/ Snack attack!,Ms. Newcombe,Mr. McKay,Mrs. Abel,NO,
5/31/2018 9:44:22,pkplex@gmail.com,Macias,Lady,11th Grade,mr abel,Yes,Mr. Abel,Ms. Mead/ Snack attack!,Mrs. Abel,Ms. Lambdin,NO,
5/31/2018 9:44:28,eimear@me.com,Dodson,Sydney,10th Grade,Ms. Krumvieda,No,Dr. Sampou/Recycling the Right Way,Ms. Mead/ Snack attack!,Ms. Manrique/Latin American Culture Advisory,Mr. Bundy,YES,
5/31/2018 9:44:40,hling@yahoo.com,Palmer,Luke,11th Grade,Mrs raftery ,No,Mr. McKay,Ms. Sheeler/Music & the Arts Alive Advisory,Ms. Lambdin,Ms. Wheeler,YES,
5/31/2018 9:44:42,josem@gmail.com,Whitaker,George,12th Grade,Mr. Hyer,No,Mr. Crowell,Mr. McKay,Mr. Abel,Ms. Mead/ Snack attack!,NO,
5/31/2018 9:44:42,lstein@me.com,Harmon,Cricket,11th Grade,Williams,No,Mr. Crowell,Mr. McKay,Ms. Monfort,Ms. Sandland,YES,
5/31/2018 9:44:43,jmgomez@sbcglobal.net,Richmond,Dixie,12th Grade,Williams ,Yes,Ms. Young/Theatre Advisory,Mr. Crowell,Mr. McKay,Ms. Pohlman,YES,8
5/31/2018 9:44:44,gator@aol.com,Solomon,Abby,12th Grade,Mr. Abel ,Yes,Mr. Abel,Ms. Mead/ Snack attack!,Ms. Monfort,Ms. Newcombe,NO,
5/31/2018 9:44:44,sumdumass@sbcglobal.net,Alvarez,Bruce,12th Grade,Mr. Hyer,No,Mr. Crowell,Mr. McKay,Mr. Abel,Ms. Mead/ Snack attack!,NO,
5/31/2018 9:44:44,shaffei@mac.com,Tran,Winnie,11th Grade,Mcdonald,No,Mr. Abel,Ms. Sandland,Ms. Mead/ Snack attack!,Mr. McKay,NO,420
5/31/2018 9:44:45,dmath@aol.com,Rhodes,Cleo,12th Grade,Ms. Manrique ,Yes,Ms. Manrique/Latin American Culture Advisory,Mr. McKay,Dr. Sampou/Recycling the Right Way,Mr. Bundy,NO,
5/31/2018 9:44:47,tellis@optonline.net,Santos,Casey,10th Grade,Lambdin ,No,Ms. Pohlman,Mr. Fetzer,Ms. Mead/ Snack attack!,Ms. Lambdin,YES,
5/31/2018 9:51:04,russotto@sbcglobal.net,Miles,Willow,11th Grade,Bihl,No,Ms. Sheeler/Music & the Arts Alive Advisory,Ms. Strong/ROVers Advisory,Ms. Lambdin,Ms. Mead/ Snack attack!,NO,
5/31/2018 9:44:53,leviathan@outlook.com,Cannon,Callie,10th Grade,Mr. Crowell,Yes,Ms. Young/Theatre Advisory,Mr. Crowell,Ms. Mead/ Snack attack!,Ms. Newcombe,YES,
5/31/2018 9:45:01,gregh@optonline.net,Cameron,Brutus,11th Grade,Mrs. Williams,Yes,Ms. Sheeler/Music & the Arts Alive Advisory,Ms. Sandland,Ms. Lambdin,Mrs. Abel,YES,
5/31/2018 9:45:02,british@comcast.net,Bowman,Sparky,11th Grade,Ms. Mead ,No,Mr. McKay,Ms. Lambdin,Ms. Newcombe,Mr. Crowell,NO,
5/31/2018 9:45:03,jdhildeb@yahoo.com,Nguyen,Lola,11th Grade,Wheeler,No,Ms. Mead/ Snack attack!,Ms. Yalden/Healthy Living Advisory,Ms. Manrique/Latin American Culture Advisory,Mrs. Abel,NO,
5/31/2018 9:45:07,mhouston@comcast.net,Russo,Dolce,11th Grade,Mrs. Williams,Yes,Ms. Wheeler,Mr. Bundy,Ms. Lambdin,Ms. Farooqi,NO,
5/31/2018 9:45:07,rhialto@outlook.com,Brady,Benny,10th Grade,Ms Mead,Yes,Ms. Mead/ Snack attack!,Mrs. Abel,Ms. Young/Theatre Advisory,Ms. Wheeler,NO,
5/31/2018 9:45:07,hermes@sbcglobal.net,Moses,Rosie,11th Grade,Mr Hyer,No,Mr. McKay,Ms. Lambdin,Ms. Mead/ Snack attack!,Dr. Sampou/Recycling the Right Way,YES,
5/31/2018 9:45:11,mhoffman@aol.com,Monroe,Jameson,11th Grade,Sheeler,Yes,Ms. Sheeler/Music & the Arts Alive Advisory,Mr. Wojtowicz,Dr. Wright,Mrs. Abel,NO,
5/31/2018 9:45:13,alfred@gmail.com,Mills,Foxy,12th Grade,Pohlmen,No,Ms. Wheeler,Ms. Sheeler/Music & the Arts Alive Advisory,Mr. McKay,Mr. Abel,YES,
5/31/2018 9:45:14,haddawy@icloud.com,Bright,Gus,10th Grade,Madame Blanc ,No,Mr. McKay,Mr. Fetzer,Ms. Newcombe,Ms. Mead/ Snack attack!,YES,
5/31/2018 9:45:35,dalamb@outlook.com,Hardy,Mac,11th Grade,Young,Yes,Mr. Wojtowicz,Ms. Sandland,Ms. Mead/ Snack attack!,Ms. Lambdin,YES,
5/31/2018 9:45:40,shazow@att.net,Nielsen,Oliver,12th Grade,Mrs Young,Yes,Ms. Young/Theatre Advisory,Mr. McKay,Ms. Mead/ Snack attack!,Mr. Abel,NO,
5/31/2018 9:45:43,nullchar@sbcglobal.net,Kelley,Lilly,11th Grade,Ms. Young,No,Mr. McKay,Ms. Manrique/Latin American Culture Advisory,Ms. Young/Theatre Advisory,Mr. Crowell,YES,
5/31/2018 9:45:50,jandrese@aol.com,Blackburn,Moose,12th Grade,Ms. Williams,Yes,Ms. Manrique/Latin American Culture Advisory,Ms. Mead/ Snack attack!,Mrs. Abel,Dr. Sampou/Recycling the Right Way,NO,
5/31/2018 9:46:00,barlow@msn.com,Nash,Max,12th Grade,Fetz,No,Dr. Sampou/Recycling the Right Way,Mr. Abel,Ms. Raftery,Mr. Bihl,NO,
5/31/2018 9:46:01,sartak@comcast.net,Keller,Sherman,12th Grade,Krumvieda,No,Mr. Abel,Mrs. Abel,Ms. Monfort,Ms. Sheeler/Music & the Arts Alive Advisory,NO,
5/31/2018 9:46:02,scottlee@live.com,Mooney,Hannah,11th Grade,Ms mead,Yes,Ms. Mead/ Snack attack!,Ms. Newcombe,Mr. McKay,Mrs. Abel,NO,
5/31/2018 9:46:09,parsimony@live.com,Bolton,Cash,12th Grade,Williams ,Yes,Mrs. Abel,Ms. Manrique/Latin American Culture Advisory,Ms. Monfort,Ms. Young/Theatre Advisory,NO,
5/31/2018 9:46:12,bahwi@yahoo.ca,Lucero,Teddy,12th Grade,Mrs.Williams,Yes,Ms. Manrique/Latin American Culture Advisory,Ms. Mead/ Snack attack!,Ms. Raftery,Mrs. Abel,NO,
5/31/2018 10:54:44,dmiller@sbcglobal.net,Robinson,Ranger,10th Grade,Madame Blanc,No,Ms. Mead/ Snack attack!,Ms. Newcombe,Ms. Sheeler/Music & the Arts Alive Advisory,Mme Blanc,NO,
5/31/2018 9:46:15,noneme@msn.com,Brennan,Bo,12th Grade,Madame Blanc,No,Mr. Crowell,Mr. Bihl,Mrs. Abel,Ms. Monfort,NO,
5/31/2018 9:46:19,garland@att.net,Rowe,Charlie,12th Grade,Raftery ,Yes,Ms. Raftery,Mrs. Abel,Mr. Abel,Ms. Mead/ Snack attack!,NO,
5/31/2018 9:46:20,peterhoeg@sbcglobal.net,Sparks,Izzy,10th Grade,Mr. Hyer,No,Mr. McKay,Ms. Mead/ Snack attack!,Ms. Wheeler,Mr. Fetzer,YES,
5/31/2018 9:46:22,tubajon@verizon.net,Daniels,Boomer,11th Grade,Madame Blanc,No,Ms. Mead/ Snack attack!,Ms. Lambdin,Ms. Newcombe,Ms. Wheeler,YES,
5/31/2018 9:46:25,greear@me.com,Bradshaw,Missie,12th Grade,Fetz,Yes,Mr. Fetzer,Mr. Bihl,Mr. Bundy,Mr. Abel,YES,
5/31/2018 9:46:32,heroine@icloud.com,Suarez,Rocco,11th Grade,Me. Mead,Yes,Ms. Mead/ Snack attack!,Ms. Newcombe,Mr. McKay,Mrs. Abel,NO,
5/31/2018 9:46:33,budinger@yahoo.com,Walker,Mia,11th Grade,Ms. Pohlman,No,Ms. Sheeler/Music & the Arts Alive Advisory,Ms. Wheeler,Ms. Lambdin,Ms. Strong/ROVers Advisory,YES,1
5/31/2018 9:46:34,barnett@gmail.com,Rollins,Lily,12th Grade,Bhil,No,Ms. Sandland,Ms. Farooqi,Mr. Abel,Mr. Crowell,NO,
5/31/2018 9:46:38,techie@verizon.net,Riley,Jasper,10th Grade,Madame O'keefe,No,Mr. Bihl,Mr. Fetzer,Ms. Mead/ Snack attack!,Mr. Crowell,YES,
5/31/2018 9:46:41,jbryan@aol.com,Lane,Buddy,11th Grade,Mrs. Singh,No,Mrs. Abel,Ms. Mead/ Snack attack!,Mr. McKay,Ms. Monfort,YES,
5/31/2018 9:46:41,cliffski@mac.com,Lester,Diesel,11th Grade,mrs.prantis ,No,Ms. Sheeler/Music & the Arts Alive Advisory,Ms. Young/Theatre Advisory,Ms. Wheeler,Ms. Monfort,YES,
5/31/2018 9:46:44,bulletin@verizon.net,Weber,Finn,10th Grade,Mr Abel ,No,Ms. Raftery,Mr. McKay,Ms. Monfort,Mr. Abel,NO,
5/31/2018 9:46:55,frosal@mac.com,Gross,Ruby,10th Grade,Mr. Abel,No,Ms. Raftery,Mr. McKay,Mr. Abel,Ms. Pohlman,NO,
5/31/2018 9:46:57,boftx@yahoo.ca,Ray,Stella,10th Grade,Williams,No,Mr. Bundy,Mrs. Abel,Ms. Mead/ Snack attack!,Mr. Abel,YES,
5/31/2018 9:59:50,lbaxter@live.com,Reyes,Ella,11th Grade,krumveida,No,Mr. McKay,Ms. Lambdin,Ms. Mead/ Snack attack!,Dr. Wright,NO,
5/31/2018 9:47:21,zyghom@msn.com,Logan,Katie,12th Grade,Raftery,Yes,Ms. Raftery,Dr. Sampou/Recycling the Right Way,Ms. Monfort,Ms. Manrique/Latin American Culture Advisory,NO,
5/31/2018 9:47:21,jginspace@live.com,Stanley,Zara,11th Grade,Mr. Able,Yes,Mr. Abel,Ms. Mead/ Snack attack!,Mr. Bundy,Mr. Crowell,NO,
5/31/2018 9:47:22,trygstad@hotmail.com,Mayo,Kobe,10th Grade,Mr. Bundy,Yes,Ms. Mead/ Snack attack!,Mr. Bundy,Mrs. Abel,Ms. Young/Theatre Advisory,NO,
5/31/2018 9:47:24,earmstro@yahoo.ca,Bush,Coco,10th Grade,Madam blanc ,No,Ms. Pohlman,Mr. McKay,Dr. Sampou/Recycling the Right Way,Ms. Mead/ Snack attack!,YES,
5/31/2018 9:47:28,rnewman@outlook.com,Valencia,Rex,11th Grade,dr pete ,No,Ms. Monfort,Dr. Sampou/Recycling the Right Way,Ms. Mead/ Snack attack!,Mrs. Abel,YES,
5/31/2018 9:47:59,pappp@gmail.com,Walls,Chester,12th Grade,Mr. Abel,Yes,Mr. Abel,Mr. Crowell,Mr. Bundy,Dr. Wright,NO,
5/31/2018 9:48:01,samavati@att.net,Ho,Grace,10th Grade,Mr. Bundy ,No,Ms. Mead/ Snack attack!,Ms. Newcombe,Mrs. Abel,Mr. Bundy,NO,
5/31/2018 9:48:01,loscar@comcast.net,May,Gucci,10th Grade,Ms. Wheeler,No,Mr. Bundy,Mrs. Abel,Ms. Mead/ Snack attack!,Mr. Abel,NO,
5/31/2018 9:48:04,gtaylor@sbcglobal.net,Cantrell,Koda,11th Grade,Mr Mckay,Yes,Ms. Monfort,Ms. Mead/ Snack attack!,Mr. McKay,Ms. Newcombe,YES,
5/31/2018 9:48:07,carcus@msn.com,Clements,Fiona,11th Grade,mrs daley,No,Ms. Mead/ Snack attack!,Mr. McKay,Mrs. Abel,Ms. Sheeler/Music & the Arts Alive Advisory,YES,
5/31/2018 9:48:12,jfmulder@yahoo.com,Adkins,Bandit,12th Grade,Dr. Wright,No,Ms. Sheeler/Music & the Arts Alive Advisory,Mr. Abel,Mr. Bihl,Ms. Wheeler,NO,
5/31/2018 9:48:15,fmtbebuck@icloud.com,Good,Chanel,10th Grade,Ms. lambdin,No,Ms. Pohlman,Mr. McKay,Dr. Sampou/Recycling the Right Way,Ms. Mead/ Snack attack!,NO,
5/31/2018 9:48:15,aibrahim@me.com,Callahan,Payton,10th Grade,Sheeler,Yes,Ms. Sheeler/Music & the Arts Alive Advisory,Mr. McKay,Ms. Strong/ROVers Advisory,Dr. Sampou/Recycling the Right Way,YES,
5/31/2018 9:48:16,earmstro@hotmail.com,Dominguez,Bud,10th Grade,Ms Lambdin,No,Ms. Pohlman,Mr. McKay,Dr. Sampou/Recycling the Right Way,Ms. Mead/ Snack attack!,NO,
5/31/2018 9:48:19,jginspace@att.net,Wolf,Ava,10th Grade,Dr. Wright ,Yes,Mrs. Abel,Mr. Abel,Ms. Agostinelli,Mr. Bihl,NO,
5/31/2018 9:48:21,paley@mac.com,Delgado,Brody,12th Grade,Faroqui,No,Ms. Sheeler/Music & the Arts Alive Advisory,Mrs. Abel,Ms. Monfort,Mr. Abel,YES,
5/31/2018 9:48:23,mavilar@yahoo.com,Bradford,Annie,11th Grade,Blanc,No,Mr. McKay,Ms. Monfort,Ms. Yalden/Healthy Living Advisory,Mme Blanc,YES,
5/31/2018 9:48:28,jguyer@yahoo.ca,Stark,Cookie,11th Grade,Singh ,Yes,Mr. McKay,Ms. Mead/ Snack attack!,Ms. Lambdin,Mrs. Abel,YES,4
5/31/2018 9:48:29,jrkorson@optonline.net,Tanner,Chance,11th Grade,Mrs.Singh,Yes,Mr. McKay,Ms. Mead/ Snack attack!,Ms. Lambdin,Mrs. Abel,YES,4
5/31/2018 9:48:34,squirrel@hotmail.com,Hayes,Sandy,11th Grade,Dr Pete ,Yes,Dr. Sampou/Recycling the Right Way,Ms. Lambdin,Ms. Mead/ Snack attack!,Ms. Wheeler,NO,0
5/31/2018 9:48:41,ninenine@live.com,Barton,Tank,10th Grade,Monfort ,No,Ms. Mead/ Snack attack!,Mr. Bundy,Mr. Crowell,Ms. Monfort,NO,
5/31/2018 9:48:46,bjoern@mac.com,Hebert,Roxy,11th Grade,Mrs. Singh,Yes,Mrs. Abel,Ms. Monfort,Ms. Raftery,Ms. Newcombe,NO,
5/31/2018 9:48:46,lstein@mac.com,Mayer,Lucy,11th Grade,Madam Blank,No,Ms. Mead/ Snack attack!,Ms. Sandland,Mrs. Abel,Ms. Sheeler/Music & the Arts Alive Advisory,YES,
5/31/2018 9:48:46,boomzilla@yahoo.com,Montoya,Allie,11th Grade,Mrs.Singh,Yes,Ms. Mead/ Snack attack!,Mrs. Abel,Mr. Abel,Mr. McKay,NO,123
5/31/2018 9:54:46,osrin@yahoo.ca,Shaw,Abbie,12th Grade,Mr. McKay,Yes,Mr. McKay,Mr. Abel,Mrs. Abel,Ms. Pohlman,NO,
5/31/2018 9:48:52,malvar@sbcglobal.net,Booth,Lulu,11th Grade,Farooqi,No,Ms. Mead/ Snack attack!,Ms. Raftery,Mr. Wojtowicz,Mr. Bundy,YES,
5/31/2018 9:48:59,dsowsy@sbcglobal.net,Burgess,Marley,10th Grade,Mr.Bundy,No,Mrs. Abel,Mr. Abel,Ms. Sheeler/Music & the Arts Alive Advisory,Ms. Strong/ROVers Advisory,YES,
5/31/2018 9:49:07,aaribaud@verizon.net,Dunn,Romeo,11th Grade,Me wheeler ,Yes,Ms. Wheeler,Mrs. Abel,Ms. Sheeler/Music & the Arts Alive Advisory,Ms. Monfort,YES,
5/31/2018 9:49:08,wenzlaff@msn.com,Shea,Belle,10th Grade,Agostinelli,No,Ms. Young/Theatre Advisory,Ms. Mead/ Snack attack!,Ms. Sheeler/Music & the Arts Alive Advisory,Ms. Newcombe,YES,
5/31/2018 9:49:10,qrczak@yahoo.ca,Nixon,Jackson,12th Grade,Williams ,No,Mr. Crowell,Ms. Sandland,Dr. Sampou/Recycling the Right Way,Mr. Abel,NO,
5/31/2018 9:49:14,grossman@verizon.net,Campbell,Polo,12th Grade,Hyer,No,Mr. Crowell,Ms. Sandland,Dr. Sampou/Recycling the Right Way,Mr. Abel,NO,
5/31/2018 9:49:17,qrczak@att.net,Bryant,Cody,12th Grade,Ms. Manrique,Yes,Ms. Manrique/Latin American Culture Advisory,Mr. McKay,Mrs. Abel,Mr. Abel,NO,
5/31/2018 9:49:18,hakim@msn.com,Booker,Olive,10th Grade,Singh ,No,Mr. McKay,Mr. Crowell,Mr. Bundy,Ms. Mead/ Snack attack!,NO,
5/31/2018 9:49:22,snunez@hotmail.com,Dalton,Harley,11th Grade,Mead,No,Ms. Lambdin,Ms. Mead/ Snack attack!,Ms. Monfort,Mr. McKay,NO,
5/31/2018 9:49:23,liedra@me.com,Carlson,Dakota,11th Grade,Mead,No,Ms. Lambdin,Ms. Monfort,Ms. Mead/ Snack attack!,Mr. Bundy,NO,
5/31/2018 9:49:30,rmcfarla@mac.com,Galloway,Tiger,12th Grade,Mrs. Farooqi,No,Mr. Abel,Ms. Young/Theatre Advisory,Ms. Mead/ Snack attack!,Mr. Crowell,NO,
5/31/2018 9:49:35,wmszeliga@yahoo.com,Larson,Bailey,10th Grade,Ms Mead,Yes,Ms. Mead/ Snack attack!,Dr. Sampou/Recycling the Right Way,Ms. Sheeler/Music & the Arts Alive Advisory,Ms. Yalden/Healthy Living Advisory,YES,
5/31/2018 9:49:37,scottzed@att.net,Mccormick,Scout,12th Grade,Manrique ,No,Ms. Mead/ Snack attack!,Ms. Monfort,Ms. Raftery,Mr. Abel,YES,
5/31/2018 9:49:41,magusnet@hotmail.com,Rocha,Tucker,12th Grade,Farooqi,No,Mr. Crowell,Ms. Sandland,Dr. Sampou/Recycling the Right Way,Mr. Abel,NO,
5/31/2018 9:49:46,aprakash@comcast.net,Huffman,Oreo,12th Grade,Ms. Manrique ,No,Ms. Mead/ Snack attack!,Ms. Manrique/Latin American Culture Advisory,Mr. McKay,Dr. Sampou/Recycling the Right Way,YES,
5/31/2018 9:49:53,mcsporran@aol.com,Montes,Shelby,11th Grade,Manrique,No,Ms. Monfort,Ms. Manrique/Latin American Culture Advisory,Ms. Raftery,Mr. McKay,NO,
5/31/2018 9:49:57,leslie@me.com,Morales,Tyson,11th Grade,Mr. Mckay,Yes,Mr. McKay,Ms. Mead/ Snack attack!,Ms. Sheeler/Music & the Arts Alive Advisory,Mr. Abel,NO,
5/31/2018 9:50:00,geekoid@me.com,Medina,Brady,11th Grade,Dr. Pete,No,Ms. Mead/ Snack attack!,Ms. Sandland,Ms. Milne/Ms. Prantis/Origami Advisory,Dr. Sampou/Recycling the Right Way,YES,1337
5/31/2018 9:50:04,jadavis@mac.com,Davenport,Frankie,10th Grade,ms farooqi ,No,Ms. Mead/ Snack attack!,Mr. McKay,Mrs. Abel,Mr. Crowell,YES,
5/31/2018 9:50:05,portscan@live.com,Valentine,Astro,11th Grade,Dr. Pete,No,Ms. Mead/ Snack attack!,Dr. Sampou/Recycling the Right Way,Ms. Lambdin,Mrs. Abel,YES,
5/31/2018 9:50:05,ducasse@att.net,Schroeder,Madison,10th Grade,Agostinelli,No,Ms. Mead/ Snack attack!,Mr. Crowell,Mr. Tallman/Word Games Advisory,Ms. Pohlman,YES,
5/31/2018 9:50:12,gtewari@msn.com,Singleton,Baxter,10th Grade,Mrs strong ,No,Mr. McKay,Ms. Newcombe,Mr. Crowell,Ms. Yalden/Healthy Living Advisory,YES,
5/31/2018 9:50:13,rgiersig@msn.com,Leach,Sam,10th Grade,Dr Write,No,Mr. McKay,Ms. Manrique/Latin American Culture Advisory,Mr. Abel,Mr. Bundy,YES,
5/31/2018 9:50:15,mcrawfor@comcast.net,Farrell,Penelope,10th Grade,Strong ,No,Ms. Mead/ Snack attack!,Ms. Newcombe,Mr. Abel,Mr. Tallman/Word Games Advisory,NO,
5/31/2018 9:50:24,jyoliver@att.net,Wagner,Mimi,12th Grade,Mrs. Daley,No,Mr. Tallman/Word Games Advisory,Ms. Farooqi,Mr. Abel,Mr. Bundy,NO,
5/31/2018 9:50:26,msroth@att.net,Cox,Wrigley,11th Grade,Wojtowicz,No,Ms. Lambdin,Ms. Monfort,Mr. McKay,Ms. Mead/ Snack attack!,NO,
5/31/2018 9:50:27,jipsen@live.com,Hardin,Nikki,12th Grade,McKay,Yes,Mr. McKay,Mr. Crowell,Ms. Newcombe,Mr. Abel,YES,
5/31/2018 9:50:29,kspiteri@hotmail.com,Sexton,Gigi,12th Grade,Agostanelli,No,Ms. Mead/ Snack attack!,Ms. Manrique/Latin American Culture Advisory,Mr. McKay,Dr. Sampou/Recycling the Right Way,YES,
5/31/2018 9:50:34,lstaf@me.com,Salas,Prince,10th Grade,Dr. Wright,No,Ms. Young/Theatre Advisory,Ms. Mead/ Snack attack!,Ms. Milne/Ms. Prantis/Origami Advisory,Ms. Sheeler/Music & the Arts Alive Advisory,NO,
5/31/2018 9:50:42,zwood@yahoo.ca,Livingston,Brewster,10th Grade,Dr Wright,No,Ms. Mead/ Snack attack!,Ms. Young/Theatre Advisory,Ms. Strong/ROVers Advisory,Mr. Crowell,YES,
5/31/2018 9:50:46,lstaf@aol.com,Lambert,Sammy,10th Grade,Mr. Hyer,No,Ms. Mead/ Snack attack!,Ms. Wheeler,Mr. Bundy,Ms. Newcombe,YES,
5/31/2018 9:50:58,aegreene@hotmail.com,Gordon,Holly,10th Grade,Mrs.singh ,No,Mr. Abel,Mrs. Abel,Ms. Agostinelli,Mr. Bihl,NO,
5/31/2018 9:50:59,grolschie@sbcglobal.net,Ortiz,Joey,10th Grade,Farooqi,No,Mrs. Abel,Mr. Bundy,Ms. Milne/Ms. Prantis/Origami Advisory,Ms. Mead/ Snack attack!,YES,
5/31/2018 9:51:04,ducasse@hotmail.com,Galvan,Sugar,12th Grade,Ms.newcombe,No,Mr. McKay,Ms. Mead/ Snack attack!,Ms. Monfort,Mr. Abel,YES,
5/31/2018 9:51:11,godeke@optonline.net,Glenn,Gunner,12th Grade,McKay ,Yes,Mr. McKay,Ms. Mead/ Snack attack!,Ms. Manrique/Latin American Culture Advisory,Mr. Abel,YES,
5/31/2018 9:51:14,matloff@optonline.net,Coleman,Jeter,10th Grade,Bundy ,No,Ms. Pohlman,Mr. Tallman/Word Games Advisory,Ms. Mead/ Snack attack!,Mr. Bundy,NO,
5/31/2018 9:51:16,peoplesr@hotmail.com,Singh,Ziggy,10th Grade,Mr.mcdonald,No,Ms. Mead/ Snack attack!,Mr. Crowell,Mr. Abel,Ms. Newcombe,NO,
5/31/2018 9:54:32,campware@att.net,Mccarty,Phoebe,12th Grade,Mr. Crowell,No,Ms. Yalden/Healthy Living Advisory,Mr. Crowell,Mr. Abel,Ms. Young/Theatre Advisory,NO,
5/31/2018 9:51:28,arebenti@mac.com,Harrington,Maggie,10th Grade,Ms.manrique,Yes,Ms. Manrique/Latin American Culture Advisory,Mr. McKay,Ms. Mead/ Snack attack!,Mr. Crowell,NO,
5/31/2018 9:51:29,gemmell@icloud.com,Dorsey,Jasmine,10th Grade,Madame Oâ€™Keefe,No,Mr. Crowell,Ms. Mead/ Snack attack!,Mrs. Abel,Mr. Bundy,NO,
5/31/2018 9:51:35,ducasse@msn.com,Spence,Maya,11th Grade,Ms. Yalden,No,Mr. McKay,Dr. Wright,Ms. Young/Theatre Advisory,Ms. Yalden/Healthy Living Advisory,NO,
5/31/2018 9:51:37,empathy@outlook.com,Willis,Mocha,10th Grade,Ms strong ,No,Mr. Tallman/Word Games Advisory,Mr. Bundy,Ms. Mead/ Snack attack!,Mme. O'Keefe,YES,
5/31/2018 9:51:38,mthurn@live.com,Moon,Jax,10th Grade,yalden,No,Ms. Pohlman,Mr. Crowell,Mrs. Abel,Mr. Bihl,YES,
5/31/2018 9:51:41,pakaste@msn.com,Jordan,Whiskey,10th Grade,Ms Manrique,Yes,Ms. Manrique/Latin American Culture Advisory,Mr. McKay,Mr. Bundy,Mrs. Abel,NO,
5/31/2018 9:51:56,phizntrg@mac.com,Ponce,Kahlua,11th Grade,singh,No,Ms. Monfort,Dr. Sampou/Recycling the Right Way,Mr. Bundy,Ms. Raftery,NO,
5/31/2018 9:51:58,plover@yahoo.com,Duarte,Rusty,10th Grade,Dr. Pete,No,Ms. Mead/ Snack attack!,Mr. Abel,Ms. Raftery,Ms. Newcombe,YES,
5/31/2018 9:52:05,ntegrity@yahoo.com,Huynh,Maddie,12th Grade,Ms Dailey,No,Mr. McKay,Ms. Mead/ Snack attack!,Ms. Newcombe,Ms. Monfort,NO,
5/31/2018 9:52:19,melnik@aol.com,Cummings,Puppy,12th Grade,Wojtowicz ,No,Mr. Bihl,Dr. Sampou/Recycling the Right Way,Mr. Bundy,Mr. Tallman/Word Games Advisory,NO,1
5/31/2018 9:52:49,vlefevre@yahoo.com,Hurst,Shiner,12th Grade,ms wheeler,Yes,Ms. Wheeler,Mr. Abel,Mrs. Abel,Mr. Crowell,NO,
5/31/2018 9:52:55,duchamp@outlook.com,Meadows,Bubba,12th Grade,Mckay,Yes,Mr. McKay,Mrs. Abel,Ms. Manrique/Latin American Culture Advisory,Ms. Monfort,NO,
5/31/2018 9:52:55,helger@me.com,Patterson,Nina,12th Grade,Mr. Mckay ,Yes,Mr. McKay,Mrs. Abel,Ms. Manrique/Latin American Culture Advisory,Ms. Monfort,NO,
5/31/2018 9:53:01,ajohnson@optonline.net,Pacheco,Thor,11th Grade,Mr. McDonald,No,Mr. McKay,Ms. Wheeler,Mrs. Abel,Ms. Newcombe,YES,
5/31/2018 9:53:31,arnold@comcast.net,Watkins,Maverick,11th Grade,Ms. Mead ,Yes,Ms. Mead/ Snack attack!,Ms. Manrique/Latin American Culture Advisory,Mr. McKay,Ms. Monfort,YES,
5/31/2018 9:53:31,mnemonic@comcast.net,Rubio,Benji,12th Grade,Crowell,No,Ms. Manrique/Latin American Culture Advisory,Ms. Sandland,Ms. Farooqi,Mr. Crowell,NO,
5/31/2018 9:53:34,damian@live.com,Ashley,Molly,12th Grade,Mr. Crowell,No,Ms. Manrique/Latin American Culture Advisory,Ms. Sandland,Ms. Farooqi,Mr. Crowell,YES,
5/31/2018 9:53:59,corrada@yahoo.ca,Pope,Simba,11th Grade,Crowel,Yes,Mr. Crowell,Ms. Lambdin,Ms. Farooqi,Mr. Bundy,NO,
5/31/2018 9:54:05,bflong@me.com,Baldwin,Mercedes,10th Grade,Mr. Wojtowicz,No,Ms. Sheeler/Music & the Arts Alive Advisory,Ms. Young/Theatre Advisory,Ms. Strong/ROVers Advisory,Ms. Manrique/Latin American Culture Advisory,NO,
5/31/2018 9:54:18,tattooman@hotmail.com,Wright,Pepper,11th Grade,Mr wojtowicz,No,Mr. McKay,Mr. Wojtowicz,Dr. Wright,Ms. Lambdin,YES,
5/31/2018 9:54:21,sacraver@yahoo.com,Schneider,Zoe,10th Grade,Mrs Willaims,No,Ms. Raftery,Mr. Bundy,Ms. Newcombe,Ms. Mead/ Snack attack!,NO,
5/31/2018 9:54:31,bhtower@icloud.com,Powell,Jack,10th Grade,Daley ,No,Ms. Mead/ Snack attack!,Ms. Newcombe,Ms. Yalden/Healthy Living Advisory,Ms. Young/Theatre Advisory,YES,
5/31/2018 9:54:48,budinger@yahoo.com,Dickson,Ace,11th Grade,Mr. Bundy,No,Ms. Mead/ Snack attack!,Mr. Bihl,Ms. Lambdin,Mrs. Abel,YES,
5/31/2018 9:54:49,mnemonic@me.com,Knapp,Sassy,12th Grade,Bundy ,No,Dr. Sampou/Recycling the Right Way,Ms. Monfort,Mr. Crowell,Ms. Newcombe,YES,
5/31/2018 9:54:50,ianbuck@optonline.net,Watson,Ellie,11th Grade,Mrs.Abel,Yes,Mrs. Abel,Ms. Monfort,Ms. Mead/ Snack attack!,Mr. Abel,YES,
5/31/2018 9:54:51,fangorn@outlook.com,Krueger,Penny,12th Grade,Manrique,Yes,Ms. Manrique/Latin American Culture Advisory,Ms. Pohlman,Dr. Sampou/Recycling the Right Way,Mr. Abel,NO,12
5/31/2018 9:54:52,jaarnial@yahoo.com,Kirby,Hazel,10th Grade,Marca Daley ,No,Ms. Mead/ Snack attack!,Ms. Strong/ROVers Advisory,Ms. Wheeler,Ms. Sandland,NO,
5/31/2018 9:54:53,bwcarty@outlook.com,Leonard,Lacey,10th Grade,Mc.Donald,No,Ms. Raftery,Mr. Bundy,Ms. Newcombe,Ms. Mead/ Snack attack!,YES,
5/31/2018 11:03:02,mrdvt@icloud.com,Miranda,Lexi,11th Grade,Mrs. Abel,No,Mrs. Abel,Mr. McKay,Ms. Strong/ROVers Advisory,Ms. Farooqi,NO,
5/31/2018 9:55:09,richard@yahoo.com,Mckinney,Bonnie,10th Grade,Bihl,No,Mr. McKay,Ms. Mead/ Snack attack!,Dr. Sampou/Recycling the Right Way,Ms. Pohlman,YES,
5/31/2018 9:55:09,sagal@live.com,Barron,Rufus,11th Grade,Me Crowell ,Yes,Mr. Crowell,Ms. Lambdin,Mr. Wojtowicz,Ms. Pohlman,NO,
5/31/2018 9:55:11,nacho@aol.com,Frost,Samson,11th Grade,Crowell,Yes,Mr. Crowell,Ms. Lambdin,Ms. Pohlman,Mr. Wojtowicz,NO,
5/31/2018 9:55:22,ismail@me.com,Wall,Dexter,11th Grade,Bundy,No,Ms. Monfort,Ms. Farooqi,Mr. Bundy,Mr. McKay,YES,
5/31/2018 9:55:25,twoflower@icloud.com,Manning,Ollie,11th Grade,Hyer,No,Mrs. Abel,Ms. Mead/ Snack attack!,Ms. Lambdin,Ms. Raftery,YES,
5/31/2018 9:55:27,dimensio@me.com,Sanchez,Zoey,11th Grade,Daley,No,Ms. Wheeler,Ms. Manrique/Latin American Culture Advisory,Ms. Monfort,Ms. Sheeler/Music & the Arts Alive Advisory,YES,
5/31/2018 9:55:45,mfburgo@outlook.com,Johnston,Nala,11th Grade,Me. McDonald,No,Mr. McKay,Ms. Yalden/Healthy Living Advisory,Ms. Raftery,Ms. Mead/ Snack attack!,YES,
5/31/2018 9:56:05,barlow@icloud.com,Gibbs,Hunter,10th Grade,Me. Bundy,Yes,Ms. Newcombe,Ms. Mead/ Snack attack!,Ms. Young/Theatre Advisory,Ms. Sheeler/Music & the Arts Alive Advisory,YES,
5/31/2018 9:56:08,durist@sbcglobal.net,Vega,Henry,10th Grade,Ms. Yalden ,No,Ms. Raftery,Mr. Bundy,Ms. Newcombe,Ms. Mead/ Snack attack!,NO,
5/31/2018 9:56:13,mgreen@icloud.com,Green,Jake,10th Grade,yalden ,No,Ms. Raftery,Mr. Bundy,Ms. Newcombe,Ms. Mead/ Snack attack!,NO,
5/31/2018 9:56:27,dodong@att.net,Wu,Sadie,10th Grade,Mr. Hyer,No,Mr. McKay,Ms. Mead/ Snack attack!,Ms. Yalden/Healthy Living Advisory,Ms. Strong/ROVers Advisory,YES,
5/31/2018 9:56:31,mccurley@verizon.net,Steele,Chewy,12th Grade,Wheeler,No,Ms. Manrique/Latin American Culture Advisory,Mr. Abel,Mr. McKay,Ms. Wheeler,NO,
5/31/2018 10:02:57,campbell@gmail.com,Collins,Dodger,10th Grade,Mr. Fetzer,No,Mr. Bundy,Ms. Young/Theatre Advisory,Mr. McKay,Mr. Wojtowicz,NO,
5/31/2018 9:56:49,paley@mac.com,Leon,Oscar,10th Grade,mrs. krumveda,No,Mr. Crowell,Mr. Bundy,Mrs. Abel,Mr. Bihl,NO,
5/31/2018 9:57:29,kdawson@yahoo.ca,Velasquez,Chase,10th Grade,Marca Daley,No,Ms. Mead/ Snack attack!,Ms. Newcombe,Mr. Bundy,Ms. Young/Theatre Advisory,YES,
5/31/2018 9:57:50,sjava@hotmail.com,Williams,Harry,10th Grade,Monfort,No,Ms. Mead/ Snack attack!,Dr. Sampou/Recycling the Right Way,Ms. Monfort,Mrs. Abel,NO,
5/31/2018 9:58:02,scato@live.com,Alvarado,Copper,11th Grade,Krumvieda,No,Mr. Crowell,Ms. Lambdin,Mr. Wojtowicz,Ms. Pohlman,YES,
5/31/2018 12:24:07,milton@comcast.net,Mccullough,Duke,10th Grade,Me.McKay,Yes,Mr. McKay,Ms. Pohlman,Ms. Newcombe,Mr. Abel,YES,
5/31/2018 10:01:16,ramollin@outlook.com,Rich,Trixie,10th Grade,Mr.Fetzer,No,Ms. Pohlman,Ms. Sandland,Ms. Monfort,Mr. Abel,YES,
5/31/2018 10:03:38,galbra@me.com,Walters,Cisco,10th Grade,ms abel,No,Ms. Monfort,Mr. Bundy,Mrs. Abel,Ms. Raftery,NO,
5/31/2018 10:04:36,pkplex@outlook.com,Gardner,Apollo,10th Grade,Mrs. Strong,No,Mr. Abel,Mrs. Abel,Ms. Agostinelli,Mr. Crowell,NO,
5/31/2018 10:08:39,aukjan@att.net,Cervantes,Cooper,12th Grade,Mrs. Manrique,Yes,Ms. Manrique/Latin American Culture Advisory,Mrs. Abel,Ms. Mead/ Snack attack!,Mr. McKay,NO,1
5/31/2018 10:08:44,xnormal@sbcglobal.net,Burns,Millie,10th Grade,Mrs.krumavida ,No,Ms. Wheeler,Ms. Mead/ Snack attack!,Ms. Yalden/Healthy Living Advisory,Mrs. Abel,NO,
5/31/2018 10:14:24,rcwil@me.com,Mcgee,Panda,11th Grade,Ms.Able,Yes,Mrs. Abel,Mr. Abel,Ms. Farooqi,Mr. Bihl,YES,
5/31/2018 10:32:14,syrinx@gmail.com,Klein,Layla,10th Grade,Mrs Williams,No,Ms. Mead/ Snack attack!,Ms. Manrique/Latin American Culture Advisory,Mr. Bihl,Mrs. Abel,YES,
5/31/2018 10:41:49,danneng@comcast.net,Spencer,Sophie,11th Grade,ms abel,No,Mr. Abel,Ms. Mead/ Snack attack!,Ms. Lambdin,Mr. Crowell,NO,
5/31/2018 11:07:48,vganesh@yahoo.ca,Richard,Peanut,10th Grade,Mr. Wright ,No,Ms. Pohlman,Mr. McKay,Dr. Sampou/Recycling the Right Way,Ms. Mead/ Snack attack!,NO,
5/31/2018 11:35:41,sthomas@verizon.net,Gutierrez,Sasha,11th Grade,Ms. Pohlman ,No,Mr. Bihl,Mr. McKay,Ms. Mead/ Snack attack!,Mr. Wojtowicz,NO,
5/31/2018 11:49:21,mwilson@sbcglobal.net,Matthews,Guinness,11th Grade,Ms. Yalden ,No,Ms. Raftery,Ms. Mead/ Snack attack!,Ms. Lambdin,Mr. Abel,YES,
5/31/2018 11:52:28,timlinux@outlook.com,Yoder,Heidi,12th Grade,Mr. Crowell,Yes,Mr. Crowell,Ms. Newcombe,Mrs. Abel,Ms. Wheeler,YES,
5/31/2018 11:57:16,mpiotr@comcast.net,Lowery,Milo,10th Grade,Wojtowicz ,No,Mr. Bundy,Mrs. Abel,Ms. Mead/ Snack attack!,Mr. Abel,NO,
5/31/2018 11:57:17,pereinar@comcast.net,Warner,Baby,10th Grade,Ms. Raftery,No,Mr. Bundy,Ms. Raftery,Ms. Mead/ Snack attack!,Mr. Abel,NO,
5/31/2018 12:16:06,pgottsch@aol.com,Cain,Macy,10th Grade,Mr. Tallman ,No,Ms. Pohlman,Mme Blanc,Mr. Tallman/Word Games Advisory,Mr. Abel,NO,
5/31/2018 12:25:57,lridener@msn.com,Gilbert,Scooter,10th Grade,Mr.McKay,Yes,Mr. McKay,Ms. Newcombe,Ms. Pohlman,Mr. Abel,NO,