Timestamp,Email Address,LAST NAME,FIRST NAME,GRADE ENTERING NEXT YEAR,CURRENT ADVISOR,WOULD YOU LIKE TO HAVE THE SAME ADVISOR NEXT YEAR?,Please rank your advisor preference: [First choice],Please rank your advisor preference: [Second choice],Please rank your advisor preference: [Third choice],Please rank your advisor preference: [Fourth choice],Would you consider having a new teacher as an advisor?
5/31/2018 9:20:28,bockelboy@icloud.com,Bowen,Pepper,12th Grade,Bui,No,Pagenkopf - Math is Awesome!,Bostford,Most,Mee,NO
5/31/2018 9:20:37,hyper@optonline.net,Lee,Zoe,12th Grade,Bui,No,Pagenkopf - Math is Awesome!,Most,Mee,Wooton - Bottle Recycling/Current Events,NO
5/31/2018 9:20:59,jfriedl@att.net,Nicholson,Jack,11th Grade,Mrs. Bonilla ,No,"O'Hara McCray - Fun, Food, and Feliz",Pagenkopf - Math is Awesome!,Morrow - Music Appreciation,Kelly,YES
5/31/2018 9:21:44,ganter@att.net,Fuentes,Ace,12th Grade,McCray ,Yes,"O'Hara McCray - Fun, Food, and Feliz",Pagenkopf - Math is Awesome!,Ferguson,Mee,NO
5/31/2018 9:25:31,kaiser@me.com,Winters,Sassy,12th Grade,Rhoads,No,Morrow - Music Appreciation,Singer/Enos - Ultimate Frisbee,Ms. Houston - Gabbing and Games (new teacher!),Beard,NO
5/31/2018 9:25:39,grady@me.com,Sutton,Ellie,11th Grade,Ms.Walts,No,Singer/Enos - Ultimate Frisbee,Weida,Sevits,Pagenkopf - Math is Awesome!,YES
5/31/2018 9:27:19,hager@live.com,Werner,Penny,11th Grade,Mr.Morrow,No,Bostford,Morrow - Music Appreciation,King,Beard,NO
5/31/2018 9:29:35,timlinux@hotmail.com,Allen,Hazel,11th Grade,Walts,No,Pagenkopf - Math is Awesome!,Mr. Houston - All Things International (new teacher!),Moynihan - Nutrition Nuts,Sevits,YES
5/31/2018 9:33:05,gmcgath@aol.com,Marks,Lacey,11th Grade,Botsford,Yes,Bostford,Rais,Sevits,King,NO
5/31/2018 9:34:37,bsikdar@live.com,Dunlap,Lexi,11th Grade,Ms. Walts,No,"O'Hara McCray - Fun, Food, and Feliz",Bostford,Kelly,Most,NO
5/31/2018 9:34:38,larry@icloud.com,Li,Bonnie,11th Grade,Singer,No,"O'Hara McCray - Fun, Food, and Feliz",Ferguson,Kelly,Most,NO
5/31/2018 9:36:14,kourai@yahoo.com,Schwartz,Rufus,12th Grade,Mrs. McCray,Yes,"O'Hara McCray - Fun, Food, and Feliz",Moynihan - Nutrition Nuts,Mee,Tecklenburg/McDowell,NO
5/31/2018 9:38:29,neonatus@optonline.net,Chavez,Samson,12th Grade,Houpert,No,Sevits,Mee,King,Bostford,NO
5/31/2018 9:38:49,dkeeler@icloud.com,Henry,Dexter,11th Grade,Dillon Mee,Yes,Mee,Beard,Bostford,Sevits,NO
5/31/2018 9:39:02,amaranth@msn.com,Jenkins,Ollie,12th Grade,Bonilla/Pace,No,Most,Bonilla,Pace,Mee,NO
5/31/2018 9:39:50,eimear@msn.com,Peters,Zoey,12th Grade,Siaflas ,No,Wooton - Bottle Recycling/Current Events,Sevits,Pagenkopf - Math is Awesome!,Rhoads - Mindfulness,NO
5/31/2018 9:40:34,osaru@yahoo.com,Newman,Nala,12th Grade,Mr. Morrow,No,Rais,Most,King,"O'Hara McCray - Fun, Food, and Feliz",NO
5/31/2018 9:40:36,errxn@mac.com,Preston,Hunter,11th Grade,Ms. Bui,No,Pagenkopf - Math is Awesome!,King,Singer/Enos - Ultimate Frisbee,Wooton - Bottle Recycling/Current Events,NO
5/31/2018 9:40:48,crusader@optonline.net,Hopkins,Henry,10th Grade,Most,No,Milligan - Sententiae Antiguae,Mr. Houston - All Things International (new teacher!),Most,Rais,YES
5/31/2018 9:41:13,vganesh@yahoo.com,Schmitt,Jake,11th Grade,Ms. Racine and Mr. Archer,No,Singer/Enos - Ultimate Frisbee,Churchill - Paper Recycling,Pagenkopf - Math is Awesome!,Wooton - Bottle Recycling/Current Events,NO
5/31/2018 9:41:20,mstrout@live.com,Villanueva,Sadie,11th Grade,Mrs Pacheco,No,Kelley - Big Think,Rhoads - Mindfulness,"O'Hara McCray - Fun, Food, and Feliz",Murphy/Bade- Animal Rights,YES
5/31/2018 9:41:55,tromey@icloud.com,Hicks,Chewy,11th Grade,Martinez,No,"O'Hara McCray - Fun, Food, and Feliz",Churchill - Paper Recycling,Moynihan - Nutrition Nuts,Kelly,YES
5/31/2018 9:42:08,storerm@me.com,Kirk,Dodger,10th Grade,Ms McCray ,Yes,"O'Hara McCray - Fun, Food, and Feliz",Singer/Enos - Ultimate Frisbee,Archer,Forget,NO
5/31/2018 9:42:11,singer@yahoo.com,Porter,Oscar,11th Grade,Pags,Yes,Pagenkopf - Math is Awesome!,Bostford,Singer/Enos - Ultimate Frisbee,Pace,NO
5/31/2018 9:42:13,campware@att.net,Buckley,Chase,11th Grade,Mr. Beard,Yes,Doherty - Knit & DIYs,Beard,Rhoads - Mindfulness,Kelley - Big Think,YES
5/31/2018 9:42:20,rddesign@hotmail.com,Maddox,Harry,12th Grade,Rais/Guibal,Yes,Singer/Enos - Ultimate Frisbee,Most,Bonilla,Kelly,YES
5/31/2018 9:42:23,geekoid@mac.com,Lowe,Copper,10th Grade,McDowell/Richenburg,Yes,Singer/Enos - Ultimate Frisbee,Milligan - Sententiae Antiguae,Bonilla,"O'Hara McCray - Fun, Food, and Feliz",YES
5/31/2018 9:42:37,frederic@hotmail.com,Mays,Duke,10th Grade,Ms. Singer ,Yes,Pacheco - Random Acts of Kindness,Wooton - Bottle Recycling/Current Events,Singer/Enos - Ultimate Frisbee,Bonilla,YES
5/31/2018 9:42:38,crowemojo@outlook.com,Carson,Trixie,11th Grade,Mr. Wooten,No,Singer/Enos - Ultimate Frisbee,Most,Mee,Rais,NO
5/31/2018 9:42:39,nelson@mac.com,Kennedy,Cisco,10th Grade,McDowell/Tecklenburg,No,"O'Hara McCray - Fun, Food, and Feliz",Ms. Houston - Gabbing and Games (new teacher!),Guibal,Rais,YES
5/31/2018 9:42:41,themer@yahoo.com,Rivera,Apollo,12th Grade,Ms. Bui,No,Most,Pagenkopf - Math is Awesome!,Singer/Enos - Ultimate Frisbee,"O'Hara McCray - Fun, Food, and Feliz",NO
5/31/2018 9:42:41,mdielmann@verizon.net,Rosario,Cooper,10th Grade,McDowell/Richenburg,No,Milligan - Sententiae Antiguae,Singer/Enos - Ultimate Frisbee,Ms. Houston - Gabbing and Games (new teacher!),"O'Hara McCray - Fun, Food, and Feliz",YES
5/31/2018 9:42:44,lipeng@sbcglobal.net,Love,Millie,10th Grade,Moynihan,No,Singer/Enos - Ultimate Frisbee,Most,Mee,Rais,NO
5/31/2018 9:42:47,crowl@optonline.net,Copeland,Panda,12th Grade,Bui,No,Bostford,Sevits,King,Kelley - Big Think,YES
5/31/2018 9:42:48,kohlis@hotmail.com,Lawrence,Layla,12th Grade,Moynihan,No,Rais,Mee,King,Most,NO
5/31/2018 9:42:56,eurohack@gmail.com,Reynolds,Sophie,12th Grade,Mrs Pacheco ,No,Ms. Houston - Gabbing and Games (new teacher!),"O'Hara McCray - Fun, Food, and Feliz",Pacheco - Random Acts of Kindness,Singer/Enos - Ultimate Frisbee,YES
5/31/2018 9:42:58,ribet@optonline.net,Hunter,Peanut,10th Grade,Rhoads,No,Morrow - Music Appreciation,Singer/Enos - Ultimate Frisbee,Ms. Houston - Gabbing and Games (new teacher!),Beard,NO
5/31/2018 9:42:59,smeier@me.com,Lang,Sasha,11th Grade,McCray,Yes,"O'Hara McCray - Fun, Food, and Feliz",Mee,Milligan - Sententiae Antiguae,Forget,YES
5/31/2018 9:43:05,ramollin@outlook.com,Melton,Guinness,12th Grade,Pace/Bonilla,No,Sevits,Rais,Archer,Mee,NO
5/31/2018 9:43:08,luvirini@verizon.net,Burch,Heidi,12th Grade,Most ,Yes,Most,King,Moynihan - Nutrition Nuts,Sevits,NO
5/31/2018 9:43:09,purvis@me.com,Ochoa,Milo,10th Grade,McDowell,No,Singer/Enos - Ultimate Frisbee,Bostford,Bonilla,Mee,YES
5/31/2018 9:43:09,conteb@sbcglobal.net,Tate,Baby,11th Grade,Pags ,Yes,Pagenkopf - Math is Awesome!,Forget,Gentile,Moynihan - Nutrition Nuts,NO
5/31/2018 9:43:13,petersen@hotmail.com,Hickman,Macy,10th Grade,teacher john,No,"O'Hara McCray - Fun, Food, and Feliz",Doherty - Knit & DIYs,Bonilla,Weida,YES
5/31/2018 9:43:19,fviegas@hotmail.com,Huff,Scooter,11th Grade,Enos/ Doharty ,No,Doherty - Knit & DIYs,"O'Hara McCray - Fun, Food, and Feliz",Ms. Houston - Gabbing and Games (new teacher!),Bostford,YES
5/31/2018 9:43:24,aegreene@comcast.net,Hamilton,Alex,11th Grade,Ferguson ,No,Singer/Enos - Ultimate Frisbee,Moynihan - Nutrition Nuts,"O'Hara McCray - Fun, Food, and Feliz",Bonilla,YES
5/31/2018 9:43:26,wetter@verizon.net,Pena,Riley,12th Grade,Most,Yes,Most,Sevits,Wooton - Bottle Recycling/Current Events,Pacheco - Random Acts of Kindness,NO
5/31/2018 9:43:32,kronvold@att.net,Briggs,Oakley,11th Grade,Singer,Yes,Singer/Enos - Ultimate Frisbee,Ms. Houston - Gabbing and Games (new teacher!),Mr. Houston - All Things International (new teacher!),King,YES
5/31/2018 9:43:32,ahmad@hotmail.com,Silva,Rudy,10th Grade,Bui,No,"O'Hara McCray - Fun, Food, and Feliz",Kelly,Murphy/Bade- Animal Rights,Bostford,YES
5/31/2018 9:43:33,william@optonline.net,Barry,Minnie,11th Grade,Beard,No,King,Singer/Enos - Ultimate Frisbee,Sevits,Moynihan - Nutrition Nuts,YES
5/31/2018 9:43:34,niknejad@outlook.com,Martin,Angel,10th Grade,Tecklenburg/McDowell,Yes,Bostford,Tecklenburg/McDowell,Bonilla,Guibal,NO
5/31/2018 9:43:36,cparis@mac.com,Saunders,Ginger,10th Grade,Ms. Siaflas,No,Pagenkopf - Math is Awesome!,Morrow - Music Appreciation,Archer,Milligan - Sententiae Antiguae,YES
5/31/2018 9:43:37,kempsonc@yahoo.ca,Richards,Bentley,12th Grade,Mr Beard,No,Bostford,Singer/Enos - Ultimate Frisbee,Bonilla,Sevits,NO
5/31/2018 9:43:37,barnett@me.com,Mcdonald,Cocoa,10th Grade,Mrs. McCray ,Yes,"O'Hara McCray - Fun, Food, and Feliz",Singer/Enos - Ultimate Frisbee,Wooton - Bottle Recycling/Current Events,Bostford,NO
5/31/2018 9:43:40,dhrakar@icloud.com,Waller,Gizmo,12th Grade,Milligan,No,Rais,Singer/Enos - Ultimate Frisbee,Bonilla,"O'Hara McCray - Fun, Food, and Feliz",NO
5/31/2018 9:43:40,srour@yahoo.ca,Simpson,Leo,12th Grade,Churchill ,No,Sevits,"O'Hara McCray - Fun, Food, and Feliz",Singer/Enos - Ultimate Frisbee,Bonilla,NO
5/31/2018 9:43:41,crowemojo@hotmail.com,Moody,Rocky,12th Grade,Ms. King,Yes,King,Bostford,Archer,Mr. McDowell,YES
5/31/2018 9:43:42,ntegrity@icloud.com,Clayton,Murphy,11th Grade,Houpert,No,Sevits,Pace,King,Mee,YES
5/31/2018 9:43:43,ylchang@me.com,Pearson,Zeus,12th Grade,Ms. Ferguson ,No,"O'Hara McCray - Fun, Food, and Feliz",Bonilla,Most,Singer/Enos - Ultimate Frisbee,NO
5/31/2018 9:43:43,juliano@mac.com,Owen,Otis,11th Grade,recine ,No,"O'Hara McCray - Fun, Food, and Feliz",Pacheco - Random Acts of Kindness,Rhoads - Mindfulness,Murphy/Bade- Animal Rights,NO
5/31/2018 9:43:45,amimojo@yahoo.com,Knox,Yoda,10th Grade,Mrs king ,No,"O'Hara McCray - Fun, Food, and Feliz",Bostford,Singer/Enos - Ultimate Frisbee,King,YES
5/31/2018 9:43:45,dpitts@optonline.net,Ayers,Gracie,11th Grade,Tecklenburg/McDowell,No,Most,Pagenkopf - Math is Awesome!,Bonilla,Beard,YES
5/31/2018 9:43:46,rtanter@yahoo.ca,Marshall,Buster,12th Grade,Ferguson ,No,Rais,Sevits,Mr. Houston - All Things International (new teacher!),"O'Hara McCray - Fun, Food, and Feliz",YES
5/31/2018 9:43:51,curly@comcast.net,Foster,Roscoe,12th Grade,Beard,No,Most,King,Beard,Sevits,YES
5/31/2018 9:43:54,matthijs@att.net,Carroll,Champ,11th Grade,Enos/Doherty ,No,Bostford,Morrow - Music Appreciation,King,Sevits,NO
5/31/2018 9:43:54,cumarana@icloud.com,Castaneda,Luna,11th Grade,McClorey Timoh! ,Yes,"O'Hara McCray - Fun, Food, and Feliz",Doherty - Knit & DIYs,Pacheco - Random Acts of Kindness,Churchill - Paper Recycling,YES
5/31/2018 9:43:59,evilopie@gmail.com,Morrison,Daisy,10th Grade,Mr Churchill,Yes,Churchill - Paper Recycling,"O'Hara McCray - Fun, Food, and Feliz",Murphy/Bade- Animal Rights,Ferguson,NO
5/31/2018 9:43:59,mgreen@aol.com,Clay,Princess,11th Grade,Pags,Yes,Pagenkopf - Math is Awesome!,Bonilla,Murphy/Bade- Animal Rights,"O'Hara McCray - Fun, Food, and Feliz",NO
5/31/2018 9:44:01,gknauss@me.com,Skinner,Winston,11th Grade,Pacheco,Yes,Mr. Houston - All Things International (new teacher!),Bostford,"O'Hara McCray - Fun, Food, and Feliz",Doherty - Knit & DIYs,YES
5/31/2018 9:44:11,wayward@verizon.net,Huang,Foster,12th Grade,Pacheco/ Gentile ,Yes,"O'Hara McCray - Fun, Food, and Feliz",Singer/Enos - Ultimate Frisbee,Rais,Sevits,YES
5/31/2018 9:44:12,burniske@aol.com,Hatfield,Bruiser,11th Grade,Rhoades ,No,"O'Hara McCray - Fun, Food, and Feliz",Churchill - Paper Recycling,Moynihan - Nutrition Nuts,Pagenkopf - Math is Awesome!,YES
5/31/2018 9:44:13,rtanter@sbcglobal.net,Ramsey,Maximus,12th Grade,Churchill,No,Wooton - Bottle Recycling/Current Events,Churchill - Paper Recycling,Mee,Milligan - Sententiae Antiguae,NO
5/31/2018 9:44:18,sethbrown@att.net,Branch,Shadow,11th Grade,Mrs. McCray,Yes,"O'Hara McCray - Fun, Food, and Feliz",Pagenkopf - Math is Awesome!,Wooton - Bottle Recycling/Current Events,Moynihan - Nutrition Nuts,NO
5/31/2018 9:44:21,leocharre@yahoo.ca,Weaver,Missy,12th Grade,Sevits ,No,Singer/Enos - Ultimate Frisbee,Tecklenburg/McDowell,Sevits,Mee,YES
5/31/2018 9:44:22,raides@icloud.com,Burnett,Piper,11th Grade,Churchill ,No,Mr. Houston - All Things International (new teacher!),Moynihan - Nutrition Nuts,Pagenkopf - Math is Awesome!,"O'Hara McCray - Fun, Food, and Feliz",YES
5/31/2018 9:44:24,smartfart@gmail.com,James,Chico,12th Grade,Mrs.Mccray,Yes,"O'Hara McCray - Fun, Food, and Feliz",Weida,Mee,Guibal,NO
5/31/2018 9:44:28,imightb@mac.com,Mason,Delilah,11th Grade,Richenburg/McDowell,No,Pagenkopf - Math is Awesome!,Pace,Mee,Singer/Enos - Ultimate Frisbee,NO
5/31/2018 9:44:32,kevinm@live.com,Obrien,Chloe,12th Grade,Siafila / french,No,Bonilla,Mr. Houston - All Things International (new teacher!),Sevits,King,YES
5/31/2018 9:44:36,wainwrig@hotmail.com,Ewing,Honey,10th Grade,Beard,No,Singer/Enos - Ultimate Frisbee,Mee,Weida,Bonilla,NO
5/31/2018 9:44:38,kawasaki@aol.com,Oneal,Josie,10th Grade,Mrs.Pacheco ,No,"O'Hara McCray - Fun, Food, and Feliz",Singer/Enos - Ultimate Frisbee,Wooton - Bottle Recycling/Current Events,Churchill - Paper Recycling,YES
5/31/2018 9:44:40,janusfury@hotmail.com,Ali,Louie,12th Grade,Mrs. Singer ,Yes,Singer/Enos - Ultimate Frisbee,King,Weida,Mee,YES
5/31/2018 9:44:41,jlbaumga@msn.com,House,Roxie,12th Grade,mr. mee,No,Rais,"O'Hara McCray - Fun, Food, and Feliz",Doherty - Knit & DIYs,Bonilla,NO
5/31/2018 9:44:41,shrapnull@yahoo.ca,Garcia,Kona,10th Grade,Churchill ,Yes,Churchill - Paper Recycling,Mr. Houston - All Things International (new teacher!),Wooton - Bottle Recycling/Current Events,Singer/Enos - Ultimate Frisbee,NO
5/31/2018 9:44:43,cmdrgravy@verizon.net,Moyer,Sally,11th Grade,beard,No,Tecklenburg/McDowell,Wooton - Bottle Recycling/Current Events,"O'Hara McCray - Fun, Food, and Feliz",Churchill - Paper Recycling,NO
5/31/2018 9:44:47,tskirvin@mac.com,Mcdaniel,Miley,12th Grade,Botsford,Yes,Bostford,Murphy/Bade- Animal Rights,Doherty - Knit & DIYs,Ferguson,NO
5/31/2018 9:44:52,dhwon@mac.com,Mora,Toby,12th Grade,Mee,Yes,Mee,"O'Hara McCray - Fun, Food, and Feliz",Bostford,Bonilla,YES
5/31/2018 9:44:54,amcuri@me.com,Cooper,Samantha,10th Grade,Mr.Beard ,No,Pacheco - Random Acts of Kindness,"O'Hara McCray - Fun, Food, and Feliz",Ms. Houston - Gabbing and Games (new teacher!),Rhoads - Mindfulness,YES
5/31/2018 9:44:56,danny@icloud.com,Ferrell,Athena,11th Grade,Weida,No,Pagenkopf - Math is Awesome!,Ferguson,Murphy/Bade- Animal Rights,"O'Hara McCray - Fun, Food, and Feliz",NO
5/31/2018 9:44:57,stern@sbcglobal.net,Wilkins,Bella,11th Grade,Bade/Arledge ,Yes,Pagenkopf - Math is Awesome!,Murphy/Bade- Animal Rights,Morrow - Music Appreciation,Ms. Houston - Gabbing and Games (new teacher!),YES
5/31/2018 9:45:01,liedra@icloud.com,Randolph,Mickey,12th Grade,Pags,Yes,Singer/Enos - Ultimate Frisbee,Rais,Sevits,Pagenkopf - Math is Awesome!,YES
5/31/2018 9:45:05,pspoole@comcast.net,Holden,Blue,10th Grade,Mrs.Botsford,Yes,Bostford,Milligan - Sententiae Antiguae,Pagenkopf - Math is Awesome!,"O'Hara McCray - Fun, Food, and Feliz",NO
5/31/2018 9:45:07,wojciech@live.com,Lamb,Monkey,12th Grade,McClorey and Milligan,No,"O'Hara McCray - Fun, Food, and Feliz",Bonilla,Rais,Sevits,YES
5/31/2018 9:45:07,alhajj@att.net,Taylor,Loki,10th Grade,Mr. McDowell,Yes,Milligan - Sententiae Antiguae,Singer/Enos - Ultimate Frisbee,Kelly,Mee,YES
5/31/2018 9:45:08,north@icloud.com,Lewis,Beau,11th Grade,newcomb,No,"O'Hara McCray - Fun, Food, and Feliz",Churchill - Paper Recycling,Moynihan - Nutrition Nuts,Bostford,YES
5/31/2018 9:45:08,djpig@icloud.com,Banks,Hank,11th Grade,"Me, Siaflas/ Mr. French",No,Ms. Houston - Gabbing and Games (new teacher!),Singer/Enos - Ultimate Frisbee,"O'Hara McCray - Fun, Food, and Feliz",Mr. Houston - All Things International (new teacher!),YES
5/31/2018 9:45:08,thurston@me.com,Kaiser,Bruno,10th Grade,Mee,No,Milligan - Sententiae Antiguae,Forget,Mee,Mr. Houston - All Things International (new teacher!),NO
5/31/2018 9:45:10,seebs@mac.com,Phillips,Lucky,12th Grade,Racine + Archer,No,Singer/Enos - Ultimate Frisbee,"O'Hara McCray - Fun, Food, and Feliz",Moynihan - Nutrition Nuts,Rais,NO
5/31/2018 9:45:13,kludge@yahoo.ca,Figueroa,Emma,10th Grade,Pace/Bonilla,No,"O'Hara McCray - Fun, Food, and Feliz",Singer/Enos - Ultimate Frisbee,Archer,Bostford,YES
5/31/2018 9:45:13,jonas@att.net,Cherry,Bear,11th Grade,Tecklenberg and McDowell ,No,"O'Hara McCray - Fun, Food, and Feliz",Doherty - Knit & DIYs,Murphy/Bade- Animal Rights,Ms. Houston - Gabbing and Games (new teacher!),YES
5/31/2018 9:45:14,demmel@optonline.net,Foley,Porter,11th Grade,Weida ,No,"O'Hara McCray - Fun, Food, and Feliz",Murphy/Bade- Animal Rights,Doherty - Knit & DIYs,Ms. Houston - Gabbing and Games (new teacher!),YES
5/31/2018 9:45:16,jacks@live.com,Sandoval,Brandy,10th Grade,Ms. King,No,Bostford,Archer,Murphy/Bade- Animal Rights,Pacheco - Random Acts of Kindness,YES
5/31/2018 9:45:23,osaru@outlook.com,Douglas,Raven,12th Grade,Tecklenburg,No,Rais,"O'Hara McCray - Fun, Food, and Feliz",Tecklenburg/McDowell,Bostford,NO
5/31/2018 9:45:25,pkplex@gmail.com,Macias,Lady,12th Grade,Ms. Milligan ,No,Rais,"O'Hara McCray - Fun, Food, and Feliz",Tecklenburg/McDowell,Bonilla,NO
5/31/2018 9:45:26,eimear@me.com,Dodson,Sydney,10th Grade,Ms McCray,Yes,"O'Hara McCray - Fun, Food, and Feliz",Singer/Enos - Ultimate Frisbee,Mr. Houston - All Things International (new teacher!),Kelly,NO
5/31/2018 9:45:34,hling@yahoo.com,Palmer,Luke,12th Grade,Mr. Weida,No,Most,Rais,Sevits,Moynihan - Nutrition Nuts,YES
5/31/2018 9:45:35,josem@gmail.com,Whitaker,George,10th Grade,Rhodes,No,Churchill - Paper Recycling,"O'Hara McCray - Fun, Food, and Feliz",Doherty - Knit & DIYs,Wooton - Bottle Recycling/Current Events,YES
5/31/2018 9:45:37,lstein@me.com,Harmon,Cricket,12th Grade,Pacheco,No,Moynihan - Nutrition Nuts,Forget,Rais,Bonilla,YES
5/31/2018 9:45:38,jmgomez@sbcglobal.net,Richmond,Dixie,10th Grade,Singer,No,Milligan - Sententiae Antiguae,Kelly,Bostford,"O'Hara McCray - Fun, Food, and Feliz",NO
5/31/2018 9:45:40,gator@aol.com,Solomon,Abby,11th Grade,Mr. Churchill,No,Sevits,Pacheco - Random Acts of Kindness,Wooton - Bottle Recycling/Current Events,Moynihan - Nutrition Nuts,YES
5/31/2018 9:45:41,sumdumass@sbcglobal.net,Alvarez,Bruce,11th Grade,Milligan,No,"O'Hara McCray - Fun, Food, and Feliz",Churchill - Paper Recycling,Moynihan - Nutrition Nuts,Pagenkopf - Math is Awesome!,YES
5/31/2018 9:45:41,shaffei@mac.com,Tran,Winnie,12th Grade,Martinez/Mullan ,No,Sevits,Tecklenburg/McDowell,King,Moynihan - Nutrition Nuts,YES
5/31/2018 9:45:46,dmath@aol.com,Rhodes,Cleo,10th Grade,Rais / Gubal,Yes,"O'Hara McCray - Fun, Food, and Feliz",Churchill - Paper Recycling,Murphy/Bade- Animal Rights,Doherty - Knit & DIYs,NO
5/31/2018 9:45:46,tellis@optonline.net,Santos,Casey,10th Grade,Mr. Archer ,No,"O'Hara McCray - Fun, Food, and Feliz",Bonilla,Churchill - Paper Recycling,Doherty - Knit & DIYs,YES
5/31/2018 9:45:50,russotto@sbcglobal.net,Miles,Willow,10th Grade,Ms. Most,No,Milligan - Sententiae Antiguae,"O'Hara McCray - Fun, Food, and Feliz",Pagenkopf - Math is Awesome!,Murphy/Bade- Animal Rights,NO
5/31/2018 9:45:53,leviathan@outlook.com,Cannon,Callie,11th Grade,Rhoads,Yes,Rhoads - Mindfulness,Singer/Enos - Ultimate Frisbee,Forget,Murphy/Bade- Animal Rights,YES
5/31/2018 9:45:53,gregh@optonline.net,Cameron,Brutus,12th Grade,Mr. Tecklenburg,No,Sevits,Tecklenburg/McDowell,King,Mr. Houston - All Things International (new teacher!),YES
5/31/2018 9:45:55,british@comcast.net,Bowman,Sparky,10th Grade,Ms Siaflas,No,Bostford,Archer,Weida,Kelley - Big Think,NO
5/31/2018 9:45:56,jdhildeb@yahoo.com,Nguyen,Lola,12th Grade,Sevits/Aldo,No,Mr. Houston - All Things International (new teacher!),Churchill - Paper Recycling,Rais,Singer/Enos - Ultimate Frisbee,YES
5/31/2018 9:45:57,mhouston@comcast.net,Russo,Dolce,12th Grade,Pace and Bonilla,No,Mee,Most,Rais,Bostford,YES
5/31/2018 9:45:59,rhialto@outlook.com,Brady,Benny,11th Grade,Pacheco and Gentile,No,"O'Hara McCray - Fun, Food, and Feliz",Ms. Houston - Gabbing and Games (new teacher!),Mee,Murphy/Bade- Animal Rights,YES
5/31/2018 9:46:03,hermes@sbcglobal.net,Moses,Rosie,10th Grade,Mrs botsford,Yes,Bostford,Singer/Enos - Ultimate Frisbee,"O'Hara McCray - Fun, Food, and Feliz",Archer,YES
5/31/2018 9:46:03,mhoffman@aol.com,Monroe,Jameson,10th Grade,John Morrow,Yes,Milligan - Sententiae Antiguae,Morrow - Music Appreciation,"O'Hara McCray - Fun, Food, and Feliz",Singer/Enos - Ultimate Frisbee,YES
5/31/2018 9:46:03,alfred@gmail.com,Mills,Foxy,10th Grade,Racine ,No,"O'Hara McCray - Fun, Food, and Feliz",Morrow - Music Appreciation,Bonilla,Mr. Houston - All Things International (new teacher!),YES
5/31/2018 9:46:09,haddawy@icloud.com,Bright,Gus,11th Grade,Churchill :) ,Yes,Churchill - Paper Recycling,Bostford,Gentile,Pace,YES
5/31/2018 9:46:09,dalamb@outlook.com,Hardy,Mac,10th Grade,mrs mullin,No,Churchill - Paper Recycling,"O'Hara McCray - Fun, Food, and Feliz",Doherty - Knit & DIYs,Wooton - Bottle Recycling/Current Events,NO
5/31/2018 9:46:11,shazow@att.net,Nielsen,Oliver,10th Grade,churchill ,Yes,Churchill - Paper Recycling,"O'Hara McCray - Fun, Food, and Feliz",Murphy/Bade- Animal Rights,Doherty - Knit & DIYs,NO
5/31/2018 9:46:14,nullchar@sbcglobal.net,Kelley,Lilly,12th Grade,Mr. Enos ,No,Rais,"O'Hara McCray - Fun, Food, and Feliz",Doherty - Knit & DIYs,Bostford,NO
5/31/2018 9:46:14,jandrese@aol.com,Blackburn,Moose,11th Grade,Oâ€™hara/ McCray,Yes,"O'Hara McCray - Fun, Food, and Feliz",Churchill - Paper Recycling,Pagenkopf - Math is Awesome!,Morrow - Music Appreciation,YES
5/31/2018 9:46:16,barlow@msn.com,Nash,Max,12th Grade,Morrow,No,"O'Hara McCray - Fun, Food, and Feliz",Doherty - Knit & DIYs,Pacheco - Random Acts of Kindness,Forget,YES
5/31/2018 9:46:18,sartak@comcast.net,Keller,Sherman,12th Grade,Weida,No,Sevits,King,Rais,Archer,YES
5/31/2018 9:46:20,scottlee@live.com,Mooney,Hannah,11th Grade,McDowell,No,Pagenkopf - Math is Awesome!,Kelley - Big Think,Mr. Houston - All Things International (new teacher!),Morrow - Music Appreciation,YES
5/31/2018 9:46:20,parsimony@live.com,Bolton,Cash,11th Grade,Racine/Archer,No,Sevits,Singer/Enos - Ultimate Frisbee,Archer,Churchill - Paper Recycling,NO
5/31/2018 9:46:25,bahwi@yahoo.ca,Lucero,Teddy,11th Grade,Sevits/Aldo,No,"O'Hara McCray - Fun, Food, and Feliz",Singer/Enos - Ultimate Frisbee,King,Morrow - Music Appreciation,NO
5/31/2018 9:46:25,dmiller@sbcglobal.net,Robinson,Ranger,11th Grade,Arledge/Bade,No,Bostford,Murphy/Bade- Animal Rights,Kelly,Moynihan - Nutrition Nuts,YES
5/31/2018 9:46:26,noneme@msn.com,Brennan,Bo,12th Grade,Pacheco/Gentile,No,Most,Kelly,King,Forget,YES
5/31/2018 9:46:27,garland@att.net,Rowe,Charlie,12th Grade,Moynihan ,Yes,Rais,Moynihan - Nutrition Nuts,Bonilla,Tecklenburg/McDowell,NO
5/31/2018 9:46:28,peterhoeg@sbcglobal.net,Sparks,Izzy,11th Grade,Ms. Lacassio,Yes,Pagenkopf - Math is Awesome!,Bostford,Pacheco - Random Acts of Kindness,Churchill - Paper Recycling,YES
5/31/2018 9:46:31,tubajon@verizon.net,Daniels,Boomer,11th Grade,bade/artledge,No,"O'Hara McCray - Fun, Food, and Feliz",Singer/Enos - Ultimate Frisbee,King,Morrow - Music Appreciation,NO
5/31/2018 9:46:39,greear@me.com,Bradshaw,Missie,10th Grade,Pagenkopf,No,Pacheco - Random Acts of Kindness,Ms. Houston - Gabbing and Games (new teacher!),"O'Hara McCray - Fun, Food, and Feliz",Rhoads - Mindfulness,YES
5/31/2018 9:46:41,heroine@icloud.com,Suarez,Rocco,12th Grade,McCrae,Yes,"O'Hara McCray - Fun, Food, and Feliz",Ms. Houston - Gabbing and Games (new teacher!),Pacheco - Random Acts of Kindness,Murphy/Bade- Animal Rights,NO
5/31/2018 9:46:42,budinger@yahoo.com,Walker,Mia,11th Grade,tech/mcdowell ,Yes,Churchill - Paper Recycling,"O'Hara McCray - Fun, Food, and Feliz",Murphy/Bade- Animal Rights,Pacheco - Random Acts of Kindness,YES
5/31/2018 9:46:43,barnett@gmail.com,Rollins,Lily,10th Grade,Lacossio ,No,Milligan - Sententiae Antiguae,Bostford,Ferguson,Gentile,NO
5/31/2018 9:46:44,techie@verizon.net,Riley,Jasper,11th Grade,Rais ,Yes,Singer/Enos - Ultimate Frisbee,Ferguson,Rais,Beard,YES
5/31/2018 9:46:46,jbryan@aol.com,Lane,Buddy,12th Grade,Locascio/Newcombe ,No,Singer/Enos - Ultimate Frisbee,Rais,King,Sevits,NO
5/31/2018 9:46:46,cliffski@mac.com,Lester,Diesel,10th Grade,Ms. Bui,No,"O'Hara McCray - Fun, Food, and Feliz",Rais,Weida,Sevits,NO
5/31/2018 9:46:51,bulletin@verizon.net,Weber,Finn,12th Grade,Ms. Singer,Yes,Singer/Enos - Ultimate Frisbee,Sevits,Weida,Mee,NO
5/31/2018 9:46:55,frosal@mac.com,Gross,Ruby,10th Grade,Bade/Arledge,No,Bonilla,Weida,Kelly,Bostford,YES
5/31/2018 9:46:56,boftx@yahoo.ca,Ray,Stella,10th Grade,Rais/Guibal,No,Milligan - Sententiae Antiguae,Kelly,"O'Hara McCray - Fun, Food, and Feliz",Pagenkopf - Math is Awesome!,NO
5/31/2018 9:46:58,lbaxter@live.com,Reyes,Ella,10th Grade,Mrs.Racine,No,"O'Hara McCray - Fun, Food, and Feliz",Doherty - Knit & DIYs,Pacheco - Random Acts of Kindness,Bonilla,NO
5/31/2018 9:47:02,zyghom@msn.com,Logan,Katie,11th Grade,Rhoads,Yes,Rhoads - Mindfulness,Murphy/Bade- Animal Rights,Most,Mee,YES
5/31/2018 9:47:05,jginspace@live.com,Stanley,Zara,10th Grade,Mrs. Bui,No,"O'Hara McCray - Fun, Food, and Feliz",Rais,Weida,Sevits,NO
5/31/2018 9:47:09,trygstad@hotmail.com,Mayo,Kobe,12th Grade,Ferguson,No,Most,Rais,Wooton - Bottle Recycling/Current Events,Sevits,NO
5/31/2018 9:47:15,earmstro@yahoo.ca,Bush,Coco,11th Grade,Mrs. Walts ,No,Morrow - Music Appreciation,Singer/Enos - Ultimate Frisbee,Wooton - Bottle Recycling/Current Events,Bostford,NO
5/31/2018 9:47:16,rnewman@outlook.com,Valencia,Rex,10th Grade,Mr. Weida,No,Kelly,"O'Hara McCray - Fun, Food, and Feliz",Wooton - Bottle Recycling/Current Events,French,YES
5/31/2018 9:47:18,pappp@gmail.com,Walls,Chester,10th Grade,Mr. Beard,No,"O'Hara McCray - Fun, Food, and Feliz",Rais,Weida,Sevits,NO
5/31/2018 9:47:22,samavati@att.net,Ho,Grace,11th Grade,Mr. Wooton,No,Singer/Enos - Ultimate Frisbee,"O'Hara McCray - Fun, Food, and Feliz",Morrow - Music Appreciation,Kelly,YES
5/31/2018 9:47:23,loscar@comcast.net,May,Gucci,12th Grade,Rhoades,No,Most,Doherty - Knit & DIYs,Pacheco - Random Acts of Kindness,Rhoads - Mindfulness,YES
5/31/2018 9:47:23,gtaylor@sbcglobal.net,Cantrell,Koda,12th Grade,racine,No,Most,Mee,Beard,French,NO
5/31/2018 9:47:24,carcus@msn.com,Clements,Fiona,11th Grade,Botsford,No,Singer/Enos - Ultimate Frisbee,Wooton - Bottle Recycling/Current Events,Bostford,Moynihan - Nutrition Nuts,NO
5/31/2018 9:47:34,jfmulder@yahoo.com,Adkins,Bandit,11th Grade,Ms. Rais,No,Singer/Enos - Ultimate Frisbee,Murphy/Bade- Animal Rights,Ms. Houston - Gabbing and Games (new teacher!),Kelley - Big Think,YES
5/31/2018 9:47:35,fmtbebuck@icloud.com,Good,Chanel,10th Grade,Singer,No,Ms. Houston - Gabbing and Games (new teacher!),Pacheco - Random Acts of Kindness,"O'Hara McCray - Fun, Food, and Feliz",Mr. Houston - All Things International (new teacher!),YES
5/31/2018 9:47:35,aibrahim@me.com,Callahan,Payton,10th Grade,Mr. Churchill,Yes,Churchill - Paper Recycling,"O'Hara McCray - Fun, Food, and Feliz",Doherty - Knit & DIYs,Murphy/Bade- Animal Rights,NO
5/31/2018 9:47:40,earmstro@hotmail.com,Dominguez,Bud,10th Grade,Rais/Guibal,No,"O'Hara McCray - Fun, Food, and Feliz",Singer/Enos - Ultimate Frisbee,Morrow - Music Appreciation,Pagenkopf - Math is Awesome!,NO
5/31/2018 9:47:45,jginspace@att.net,Wolf,Ava,10th Grade,Bade alredge,No,"O'Hara McCray - Fun, Food, and Feliz",Rais,Weida,Sevits,NO
5/31/2018 9:47:46,paley@mac.com,Delgado,Brody,10th Grade,Yolanda Furguson,No,"O'Hara McCray - Fun, Food, and Feliz",Ms. Houston - Gabbing and Games (new teacher!),Mr. Houston - All Things International (new teacher!),Pacheco - Random Acts of Kindness,YES
5/31/2018 9:47:52,mavilar@yahoo.com,Bradford,Annie,10th Grade,Mr. Weida,No,Bostford,Ms. Houston - Gabbing and Games (new teacher!),"O'Hara McCray - Fun, Food, and Feliz",Rais,YES
5/31/2018 9:47:57,jguyer@yahoo.ca,Stark,Cookie,11th Grade,Mr . Morrow,No,"O'Hara McCray - Fun, Food, and Feliz",Singer/Enos - Ultimate Frisbee,Morrow - Music Appreciation,Pagenkopf - Math is Awesome!,YES
5/31/2018 9:48:12,jrkorson@optonline.net,Tanner,Chance,10th Grade,Siaflas,No,Milligan - Sententiae Antiguae,Bostford,Morrow - Music Appreciation,Weida,NO
5/31/2018 9:48:13,squirrel@hotmail.com,Hayes,Sandy,10th Grade,Mr. Houpert,No,Milligan - Sententiae Antiguae,Rais,Kelly,Singer/Enos - Ultimate Frisbee,NO
5/31/2018 9:48:25,ninenine@live.com,Barton,Tank,12th Grade,Ms.Rais and Mr.Guibal,No,Mee,Milligan - Sententiae Antiguae,Ms. Houston - Gabbing and Games (new teacher!),Forget,YES
5/31/2018 9:48:28,bjoern@mac.com,Hebert,Roxy,10th Grade,Racine ,No,"O'Hara McCray - Fun, Food, and Feliz",Rais,Weida,Sevits,NO
5/31/2018 9:48:34,lstein@mac.com,Mayer,Lucy,12th Grade,Mee,No,Singer/Enos - Ultimate Frisbee,Rais,Pace,Mr. Houston - All Things International (new teacher!),YES
5/31/2018 9:48:34,boomzilla@yahoo.com,Montoya,Allie,10th Grade,Mrs.Botsford,No,"O'Hara McCray - Fun, Food, and Feliz",Bostford,Bonilla,Most,NO
5/31/2018 9:48:37,osrin@yahoo.ca,Shaw,Abbie,10th Grade,Mr. Houpertt ,No,Bonilla,Rais,"O'Hara McCray - Fun, Food, and Feliz",Bostford,NO
5/31/2018 9:48:44,malvar@sbcglobal.net,Booth,Lulu,11th Grade,Rhoads,No,"O'Hara McCray - Fun, Food, and Feliz",Singer/Enos - Ultimate Frisbee,Beard,Sevits,YES
5/31/2018 9:48:48,dsowsy@sbcglobal.net,Burgess,Marley,10th Grade,Moynihan,No,"O'Hara McCray - Fun, Food, and Feliz",Morrow - Music Appreciation,Singer/Enos - Ultimate Frisbee,Pagenkopf - Math is Awesome!,NO
5/31/2018 9:49:02,aaribaud@verizon.net,Dunn,Romeo,10th Grade,Moynihan,No,Bostford,"O'Hara McCray - Fun, Food, and Feliz",Ms. Houston - Gabbing and Games (new teacher!),Milligan - Sententiae Antiguae,YES
5/31/2018 9:49:06,wenzlaff@msn.com,Shea,Belle,10th Grade,Ferguson,No,"O'Hara McCray - Fun, Food, and Feliz",Singer/Enos - Ultimate Frisbee,Murphy/Bade- Animal Rights,Doherty - Knit & DIYs,YES
5/31/2018 9:49:26,qrczak@yahoo.ca,Nixon,Jackson,10th Grade,Rhoads,Yes,Rhoads - Mindfulness,"O'Hara McCray - Fun, Food, and Feliz",Wooton - Bottle Recycling/Current Events,Singer/Enos - Ultimate Frisbee,YES
5/31/2018 9:49:29,grossman@verizon.net,Campbell,Polo,10th Grade,Milligan,No,"O'Hara McCray - Fun, Food, and Feliz",Rais,Weida,Sevits,YES
5/31/2018 9:49:30,qrczak@att.net,Bryant,Cody,10th Grade,Bade/Alredge,No,Rais,Bonilla,Bostford,Milligan - Sententiae Antiguae,NO
5/31/2018 9:49:41,hakim@msn.com,Booker,Olive,10th Grade,Siaflas/French,No,Singer/Enos - Ultimate Frisbee,Guibal,Churchill - Paper Recycling,Weida,NO
5/31/2018 9:49:51,snunez@hotmail.com,Dalton,Harley,10th Grade,Weida,No,"O'Hara McCray - Fun, Food, and Feliz",Bonilla,Bostford,Kelly,NO
5/31/2018 9:49:52,liedra@me.com,Carlson,Dakota,10th Grade,Newcombe,No,"O'Hara McCray - Fun, Food, and Feliz",Rais,Weida,Sevits,NO
5/31/2018 9:49:54,rmcfarla@mac.com,Galloway,Tiger,10th Grade,Ms. Locasio and Mr. N,No,Weida,Bonilla,Kelly,"O'Hara McCray - Fun, Food, and Feliz",YES
5/31/2018 9:49:55,wmszeliga@yahoo.com,Larson,Bailey,10th Grade,"Doherty, Enos",No,"O'Hara McCray - Fun, Food, and Feliz",Rais,Weida,Sevits,NO
5/31/2018 9:49:55,scottzed@att.net,Mccormick,Scout,12th Grade,Siaflas/French,Yes,"O'Hara McCray - Fun, Food, and Feliz",Bonilla,Moynihan - Nutrition Nuts,Singer/Enos - Ultimate Frisbee,YES
5/31/2018 9:49:55,magusnet@hotmail.com,Rocha,Tucker,11th Grade, Mr. Mee,Yes,Singer/Enos - Ultimate Frisbee,Mr. Houston - All Things International (new teacher!),Ms. Houston - Gabbing and Games (new teacher!),"O'Hara McCray - Fun, Food, and Feliz",YES
5/31/2018 9:50:14,aprakash@comcast.net,Huffman,Oreo,10th Grade,Mrs.Ferguson,No,"O'Hara McCray - Fun, Food, and Feliz",Doherty - Knit & DIYs,Pacheco - Random Acts of Kindness,Bostford,NO
5/31/2018 9:50:24,mcsporran@aol.com,Montes,Shelby,12th Grade,Pagenkopf ,No,Archer,Churchill - Paper Recycling,Pagenkopf - Math is Awesome!,Milligan - Sententiae Antiguae,NO
5/31/2018 9:50:29,leslie@me.com,Morales,Tyson,11th Grade,Rais,No,Singer/Enos - Ultimate Frisbee,Murphy/Bade- Animal Rights,Churchill - Paper Recycling,Forget,NO
5/31/2018 9:50:33,geekoid@me.com,Medina,Brady,11th Grade,Bade,No,"O'Hara McCray - Fun, Food, and Feliz",Sevits,Singer/Enos - Ultimate Frisbee,Weida,YES
5/31/2018 9:50:42,jadavis@mac.com,Davenport,Frankie,11th Grade,Ms. Bade/ Mrs. Arledge,No,Kelly,"O'Hara McCray - Fun, Food, and Feliz",Rais,Forget,YES
5/31/2018 9:50:52,portscan@live.com,Valentine,Astro,11th Grade,Ms. Bui,No,Sevits,Beard,Doherty - Knit & DIYs,Forget,YES
5/31/2018 9:50:54,ducasse@att.net,Schroeder,Madison,10th Grade,Mr.Pace,No,Bostford,"O'Hara McCray - Fun, Food, and Feliz",Kelley - Big Think,Doherty - Knit & DIYs,YES
5/31/2018 9:50:56,gtewari@msn.com,Singleton,Baxter,11th Grade,Martinez,No,Singer/Enos - Ultimate Frisbee,"O'Hara McCray - Fun, Food, and Feliz",Ms. Houston - Gabbing and Games (new teacher!),Archer,YES
5/31/2018 9:50:58,rgiersig@msn.com,Leach,Sam,11th Grade,ms botsford ,No,Sevits,Beard,Doherty - Knit & DIYs,Forget,YES
5/31/2018 9:51:01,mcrawfor@comcast.net,Farrell,Penelope,11th Grade,Milligan,No,Singer/Enos - Ultimate Frisbee,King,Pace,Mee,YES
5/31/2018 9:51:17,jyoliver@att.net,Wagner,Mimi,10th Grade,Milligan,No,Singer/Enos - Ultimate Frisbee,Archer,Mee,Milligan - Sententiae Antiguae,YES
5/31/2018 9:51:34,msroth@att.net,Cox,Wrigley,10th Grade,Mr.Mee,No,Most,Bonilla,Morrow - Music Appreciation,Milligan - Sententiae Antiguae,NO
5/31/2018 9:51:43,jipsen@live.com,Hardin,Nikki,10th Grade,Mr.Wooten,No,"O'Hara McCray - Fun, Food, and Feliz",Murphy/Bade- Animal Rights,Milligan - Sententiae Antiguae,Singer/Enos - Ultimate Frisbee,YES
5/31/2018 9:51:48,kspiteri@hotmail.com,Sexton,Gigi,10th Grade,Mr. Weida,No,Churchill - Paper Recycling,Doherty - Knit & DIYs,"O'Hara McCray - Fun, Food, and Feliz",Wooton - Bottle Recycling/Current Events,YES
5/31/2018 9:51:50,lstaf@me.com,Salas,Prince,10th Grade,Enos and Doherty ,No,Rais,Bonilla,Archer,Milligan - Sententiae Antiguae,YES
5/31/2018 9:52:16,zwood@yahoo.ca,Livingston,Brewster,10th Grade,Sevits/Aldo,No,Kelley - Big Think,"O'Hara McCray - Fun, Food, and Feliz",Rhoads - Mindfulness,Moynihan - Nutrition Nuts,YES
5/31/2018 9:52:19,lstaf@aol.com,Lambert,Sammy,10th Grade,Houpert,No,Milligan - Sententiae Antiguae,Doherty - Knit & DIYs,Pacheco - Random Acts of Kindness,Rhoads - Mindfulness,YES
5/31/2018 9:52:22,aegreene@hotmail.com,Gordon,Holly,10th Grade,Houpert,No,Rais,Bonilla,Archer,Milligan - Sententiae Antiguae,NO
5/31/2018 9:52:25,grolschie@sbcglobal.net,Ortiz,Joey,10th Grade,Mr French and Ms Siaflas,No,"O'Hara McCray - Fun, Food, and Feliz",Singer/Enos - Ultimate Frisbee,Morrow - Music Appreciation,Bonilla,NO
5/31/2018 9:52:28,ducasse@hotmail.com,Galvan,Sugar,10th Grade,Mr.Mee,No,Rais,Bonilla,Archer,Milligan - Sententiae Antiguae,NO
5/31/2018 9:53:04,godeke@optonline.net,Glenn,Gunner,10th Grade,Mrs Gentile ,No,"O'Hara McCray - Fun, Food, and Feliz",Ms. Houston - Gabbing and Games (new teacher!),Mr. Houston - All Things International (new teacher!),Pacheco - Random Acts of Kindness,YES
5/31/2018 9:53:17,matloff@optonline.net,Coleman,Jeter,11th Grade,Bonilla/Pace ,No,"O'Hara McCray - Fun, Food, and Feliz",Pagenkopf - Math is Awesome!,Moynihan - Nutrition Nuts,Bonilla,YES
5/31/2018 9:53:38,peoplesr@hotmail.com,Singh,Ziggy,12th Grade,Mr. McDowell/Richenberg,No,Rais,Kelley - Big Think,Sevits,"O'Hara McCray - Fun, Food, and Feliz",YES
5/31/2018 9:53:50,campware@att.net,Mccarty,Phoebe,10th Grade,Mr.Tecklenburg,No,"O'Hara McCray - Fun, Food, and Feliz",Singer/Enos - Ultimate Frisbee,Morrow - Music Appreciation,Bonilla,YES
5/31/2018 9:54:05,arebenti@mac.com,Harrington,Maggie,10th Grade,Siaflas/french,No,Morrow - Music Appreciation,"O'Hara McCray - Fun, Food, and Feliz",Milligan - Sententiae Antiguae,Ferguson,YES
5/31/2018 9:54:26,gemmell@icloud.com,Dorsey,Jasmine,10th Grade,Mrs Pacheco and Mrs Gentile,No,Rais,Bonilla,Archer,Milligan - Sententiae Antiguae,YES
5/31/2018 9:55:30,ducasse@msn.com,Spence,Maya,10th Grade,Botsford,No,Rais,Bonilla,Archer,Milligan - Sententiae Antiguae,NO
5/31/2018 9:57:06,empathy@outlook.com,Willis,Mocha,12th Grade,Mr. Weida,No,"O'Hara McCray - Fun, Food, and Feliz",Moynihan - Nutrition Nuts,Singer/Enos - Ultimate Frisbee,Morrow - Music Appreciation,YES
5/31/2018 9:59:48,mthurn@live.com,Moon,Jax,10th Grade,Rais guibal ,No,"O'Hara McCray - Fun, Food, and Feliz",Singer/Enos - Ultimate Frisbee,Morrow - Music Appreciation,Bonilla,NO
5/31/2018 10:00:02,pakaste@msn.com,Jordan,Whiskey,10th Grade,Most ,No,Bostford,"O'Hara McCray - Fun, Food, and Feliz",Moynihan - Nutrition Nuts,Ms. Houston - Gabbing and Games (new teacher!),YES
5/31/2018 10:00:46,phizntrg@mac.com,Ponce,Kahlua,10th Grade,Ms.King,Yes,King,Ms. Houston - Gabbing and Games (new teacher!),Morrow - Music Appreciation,Wooton - Bottle Recycling/Current Events,YES
5/31/2018 10:01:29,plover@yahoo.com,Duarte,Rusty,10th Grade,Walts,Yes,Mee,Bostford,Kelly,Bonilla,NO
5/31/2018 10:04:50,ntegrity@yahoo.com,Huynh,Maddie,12th Grade,Mr. Whooten ,Yes,Wooton - Bottle Recycling/Current Events,Mee,King,Bostford,YES
5/31/2018 10:05:15,melnik@aol.com,Cummings,Puppy,12th Grade,Waltz,No,Bostford,Moynihan - Nutrition Nuts,Bonilla,Rais,NO
5/31/2018 10:05:34,vlefevre@yahoo.com,Hurst,Shiner,10th Grade,Mrs. Ferguson,No,Singer/Enos - Ultimate Frisbee,Milligan - Sententiae Antiguae,Bostford,Ms. Houston - Gabbing and Games (new teacher!),YES
5/31/2018 10:08:29,duchamp@outlook.com,Meadows,Bubba,10th Grade,Mrs Singer ,Yes,Churchill - Paper Recycling,Kelley - Big Think,Rhoads - Mindfulness,Pacheco - Random Acts of Kindness,NO
5/31/2018 10:16:47,helger@me.com,Patterson,Nina,10th Grade,Ferguson ,No,"O'Hara McCray - Fun, Food, and Feliz",Singer/Enos - Ultimate Frisbee,Mr. Houston - All Things International (new teacher!),Ms. Houston - Gabbing and Games (new teacher!),YES
5/31/2018 10:21:41,ajohnson@optonline.net,Pacheco,Thor,12th Grade,Mr. Mee,No,Moynihan - Nutrition Nuts,Mee,Rhoads - Mindfulness,Ms. Houston - Gabbing and Games (new teacher!),YES
5/31/2018 10:23:01,arnold@comcast.net,Watkins,Maverick,11th Grade,Ms. Siaflas ,No,Kelly,Sevits,Murphy/Bade- Animal Rights,King,YES
5/31/2018 10:36:26,mnemonic@comcast.net,Rubio,Benji,11th Grade,Most,Yes,Most,"O'Hara McCray - Fun, Food, and Feliz",Pagenkopf - Math is Awesome!,Weida,YES
5/31/2018 10:43:06,damian@live.com,Ashley,Molly,12th Grade,Martinez ,No,King,"O'Hara McCray - Fun, Food, and Feliz",Sevits,Murphy/Bade- Animal Rights,NO
5/31/2018 10:54:45,corrada@yahoo.ca,Pope,Simba,10th Grade,Ms.Bui,No,"O'Hara McCray - Fun, Food, and Feliz",Bonilla,Kelly,Singer/Enos - Ultimate Frisbee,NO
5/31/2018 10:58:47,bflong@me.com,Baldwin,Mercedes,12th Grade,Singer ,Yes,Singer/Enos - Ultimate Frisbee,Wooton - Bottle Recycling/Current Events,Sevits,Beard,YES
5/31/2018 11:32:37,tattooman@hotmail.com,Wright,Pepper,10th Grade,Mr French/ sioflia ,No,Rais,Doherty - Knit & DIYs,Archer,Ferguson,YES
5/31/2018 11:43:49,sacraver@yahoo.com,Schneider,Zoe,11th Grade,Yolanda Ferguson ,No,Singer/Enos - Ultimate Frisbee,Ms. Houston - Gabbing and Games (new teacher!),Wooton - Bottle Recycling/Current Events,Archer,YES
5/31/2018 12:02:05,bhtower@icloud.com,Powell,Jack,10th Grade,Pags ,Yes,Pagenkopf - Math is Awesome!,Bostford,Gentile,Ms. Houston - Gabbing and Games (new teacher!),YES
5/31/2018 12:02:07,budinger@yahoo.com,Dickson,Ace,10th Grade,Mr. Enos,No,Singer/Enos - Ultimate Frisbee,King,Most,Milligan - Sententiae Antiguae,NO
5/31/2018 12:02:28,mnemonic@me.com,Knapp,Sassy,12th Grade,McDowell/Richenburg,No,Archer,Bostford,Ms. Houston - Gabbing and Games (new teacher!),Gentile,YES
5/31/2018 12:08:26,ianbuck@optonline.net,Watson,Ellie,11th Grade,Singer,No,Sevits,Singer/Enos - Ultimate Frisbee,Beard,Mr. McDowell,YES
5/31/2018 12:09:45,fangorn@outlook.com,Krueger,Penny,11th Grade,Sevits,Yes,Singer/Enos - Ultimate Frisbee,Most,"O'Hara McCray - Fun, Food, and Feliz",Rais,NO
5/31/2018 12:09:46,jaarnial@yahoo.com,Kirby,Hazel,11th Grade,Most,No,Singer/Enos - Ultimate Frisbee,Most,"O'Hara McCray - Fun, Food, and Feliz",Rais,NO
5/31/2018 12:09:47,bwcarty@outlook.com,Leonard,Lacey,11th Grade,Locasio and Newcombe,No,Singer/Enos - Ultimate Frisbee,Most,"O'Hara McCray - Fun, Food, and Feliz",Rais,NO
5/31/2018 12:10:01,mrdvt@icloud.com,Miranda,Lexi,11th Grade,Rascine/Archer,No,"O'Hara McCray - Fun, Food, and Feliz",Weida,Mee,Tecklenburg/McDowell,NO
5/31/2018 12:32:11,richard@yahoo.com,Mckinney,Bonnie,12th Grade,Enos,No,Rais,Tecklenburg/McDowell,Bostford,Murphy/Bade- Animal Rights,NO
5/31/2018 13:27:09,sagal@live.com,Barron,Rufus,10th Grade,Mrs. Mullen,No,"O'Hara McCray - Fun, Food, and Feliz",Morrow - Music Appreciation,Mr. Houston - All Things International (new teacher!),Singer/Enos - Ultimate Frisbee,YES
5/31/2018 13:51:00,nacho@aol.com,Frost,Samson,12th Grade,Mr. Houpert,No,King,Bostford,Rais,Sevits,YES
5/31/2018 14:00:32,ismail@me.com,Wall,Dexter,11th Grade,Locascio/Newcomb,No,Bostford,Doherty - Knit & DIYs,Murphy/Bade- Animal Rights,Churchill - Paper Recycling,NO
5/31/2018 14:02:45,twoflower@icloud.com,Manning,Ollie,12th Grade,Mr enos,No,Rais,"O'Hara McCray - Fun, Food, and Feliz",Doherty - Knit & DIYs,Bonilla,NO
5/31/2018 14:07:16,dimensio@me.com,Sanchez,Zoey,10th Grade,Mr. Churchill,No,"O'Hara McCray - Fun, Food, and Feliz",Churchill - Paper Recycling,Bostford,Bonilla,YES